corpus,llm,llm_dir,threat_model,seed,document_idx,exemplar_length,accuracy@1,accuracy@5,true_class_confidence,entropy,bertscore,pinc,sample_id,binary_acc1,binary_acc5
ebg,gpt-4o,gpt-4o-2024-08-06,svm,103387,0,2198,0.2,0.4888888888888889,0.10649681082975002,3.91437686574952,0.7944231033325195,0.6532455458875928,475,0,1
ebg,gpt-4o,gpt-4o-2024-08-06,svm,103387,1,1524,0.2,0.4888888888888889,0.10649681082975002,3.91437686574952,0.7944231033325195,0.6532455458875928,205,0,0
ebg,gpt-4o,gpt-4o-2024-08-06,svm,103387,2,2132,0.2,0.4888888888888889,0.10649681082975002,3.91437686574952,0.7944231033325195,0.6532455458875928,171,0,0
ebg,gpt-4o,gpt-4o-2024-08-06,svm,103387,3,346,0.2,0.4888888888888889,0.10649681082975002,3.91437686574952,0.7944231033325195,0.6532455458875928,180,0,1
ebg,gpt-4o,gpt-4o-2024-08-06,svm,103387,4,805,0.2,0.4888888888888889,0.10649681082975002,3.91437686574952,0.7944231033325195,0.6532455458875928,443,0,1
ebg,gpt-4o,gpt-4o-2024-08-06,svm,103387,5,481,0.2,0.4888888888888889,0.10649681082975002,3.91437686574952,0.7944231033325195,0.6532455458875928,238,0,1
ebg,gpt-4o,gpt-4o-2024-08-06,svm,103387,6,832,0.2,0.4888888888888889,0.10649681082975002,3.91437686574952,0.7944231033325195,0.6532455458875928,90,0,0
ebg,gpt-4o,gpt-4o-2024-08-06,svm,103387,7,1296,0.2,0.4888888888888889,0.10649681082975002,3.91437686574952,0.7944231033325195,0.6532455458875928,393,1,1
ebg,gpt-4o,gpt-4o-2024-08-06,svm,103387,8,898,0.2,0.4888888888888889,0.10649681082975002,3.91437686574952,0.7944231033325195,0.6532455458875928,340,0,1
ebg,gpt-4o,gpt-4o-2024-08-06,svm,103387,9,1017,0.2,0.4888888888888889,0.10649681082975002,3.91437686574952,0.7944231033325195,0.6532455458875928,274,0,1
ebg,gpt-4o,gpt-4o-2024-08-06,svm,103387,10,1828,0.2,0.4888888888888889,0.10649681082975002,3.91437686574952,0.7944231033325195,0.6532455458875928,253,0,0
ebg,gpt-4o,gpt-4o-2024-08-06,svm,103387,11,300,0.2,0.4888888888888889,0.10649681082975002,3.91437686574952,0.7944231033325195,0.6532455458875928,22,0,0
ebg,gpt-4o,gpt-4o-2024-08-06,svm,103387,12,2072,0.2,0.4888888888888889,0.10649681082975002,3.91437686574952,0.7944231033325195,0.6532455458875928,129,0,0
ebg,gpt-4o,gpt-4o-2024-08-06,svm,103387,13,1664,0.2,0.4888888888888889,0.10649681082975002,3.91437686574952,0.7944231033325195,0.6532455458875928,19,0,0
ebg,gpt-4o,gpt-4o-2024-08-06,svm,103387,14,1733,0.2,0.4888888888888889,0.10649681082975002,3.91437686574952,0.7944231033325195,0.6532455458875928,247,0,0
ebg,gpt-4o,gpt-4o-2024-08-06,svm,103387,15,436,0.2,0.4888888888888889,0.10649681082975002,3.91437686574952,0.7944231033325195,0.6532455458875928,50,0,1
ebg,gpt-4o,gpt-4o-2024-08-06,svm,103387,16,2132,0.2,0.4888888888888889,0.10649681082975002,3.91437686574952,0.7944231033325195,0.6532455458875928,171,0,1
ebg,gpt-4o,gpt-4o-2024-08-06,svm,103387,17,691,0.2,0.4888888888888889,0.10649681082975002,3.91437686574952,0.7944231033325195,0.6532455458875928,215,1,1
ebg,gpt-4o,gpt-4o-2024-08-06,svm,103387,18,1484,0.2,0.4888888888888889,0.10649681082975002,3.91437686574952,0.7944231033325195,0.6532455458875928,80,1,1
ebg,gpt-4o,gpt-4o-2024-08-06,svm,103387,19,422,0.2,0.4888888888888889,0.10649681082975002,3.91437686574952,0.7944231033325195,0.6532455458875928,304,0,0
ebg,gpt-4o,gpt-4o-2024-08-06,svm,103387,20,981,0.2,0.4888888888888889,0.10649681082975002,3.91437686574952,0.7944231033325195,0.6532455458875928,61,0,0
ebg,gpt-4o,gpt-4o-2024-08-06,svm,103387,21,484,0.2,0.4888888888888889,0.10649681082975002,3.91437686574952,0.7944231033325195,0.6532455458875928,371,0,1
ebg,gpt-4o,gpt-4o-2024-08-06,svm,103387,22,2060,0.2,0.4888888888888889,0.10649681082975002,3.91437686574952,0.7944231033325195,0.6532455458875928,333,1,1
ebg,gpt-4o,gpt-4o-2024-08-06,svm,103387,23,1937,0.2,0.4888888888888889,0.10649681082975002,3.91437686574952,0.7944231033325195,0.6532455458875928,242,1,1
ebg,gpt-4o,gpt-4o-2024-08-06,svm,103387,24,1017,0.2,0.4888888888888889,0.10649681082975002,3.91437686574952,0.7944231033325195,0.6532455458875928,274,0,0
ebg,gpt-4o,gpt-4o-2024-08-06,svm,103387,25,1719,0.2,0.4888888888888889,0.10649681082975002,3.91437686574952,0.7944231033325195,0.6532455458875928,37,0,0
ebg,gpt-4o,gpt-4o-2024-08-06,svm,103387,26,884,0.2,0.4888888888888889,0.10649681082975002,3.91437686574952,0.7944231033325195,0.6532455458875928,265,0,1
ebg,gpt-4o,gpt-4o-2024-08-06,svm,103387,27,2311,0.2,0.4888888888888889,0.10649681082975002,3.91437686574952,0.7944231033325195,0.6532455458875928,269,0,0
ebg,gpt-4o,gpt-4o-2024-08-06,svm,103387,28,1726,0.2,0.4888888888888889,0.10649681082975002,3.91437686574952,0.7944231033325195,0.6532455458875928,342,0,0
ebg,gpt-4o,gpt-4o-2024-08-06,svm,103387,29,981,0.2,0.4888888888888889,0.10649681082975002,3.91437686574952,0.7944231033325195,0.6532455458875928,61,0,1
ebg,gpt-4o,gpt-4o-2024-08-06,svm,103387,30,2036,0.2,0.4888888888888889,0.10649681082975002,3.91437686574952,0.7944231033325195,0.6532455458875928,435,1,1
ebg,gpt-4o,gpt-4o-2024-08-06,svm,103387,31,1167,0.2,0.4888888888888889,0.10649681082975002,3.91437686574952,0.7944231033325195,0.6532455458875928,148,0,0
ebg,gpt-4o,gpt-4o-2024-08-06,svm,103387,32,1961,0.2,0.4888888888888889,0.10649681082975002,3.91437686574952,0.7944231033325195,0.6532455458875928,473,0,0
ebg,gpt-4o,gpt-4o-2024-08-06,svm,103387,33,511,0.2,0.4888888888888889,0.10649681082975002,3.91437686574952,0.7944231033325195,0.6532455458875928,101,0,0
ebg,gpt-4o,gpt-4o-2024-08-06,svm,103387,34,741,0.2,0.4888888888888889,0.10649681082975002,3.91437686574952,0.7944231033325195,0.6532455458875928,367,0,1
ebg,gpt-4o,gpt-4o-2024-08-06,svm,103387,35,1751,0.2,0.4888888888888889,0.10649681082975002,3.91437686574952,0.7944231033325195,0.6532455458875928,153,0,0
ebg,gpt-4o,gpt-4o-2024-08-06,svm,103387,36,446,0.2,0.4888888888888889,0.10649681082975002,3.91437686574952,0.7944231033325195,0.6532455458875928,418,0,0
ebg,gpt-4o,gpt-4o-2024-08-06,svm,103387,37,1589,0.2,0.4888888888888889,0.10649681082975002,3.91437686574952,0.7944231033325195,0.6532455458875928,355,0,0
ebg,gpt-4o,gpt-4o-2024-08-06,svm,103387,38,229,0.2,0.4888888888888889,0.10649681082975002,3.91437686574952,0.7944231033325195,0.6532455458875928,413,0,0
ebg,gpt-4o,gpt-4o-2024-08-06,svm,103387,39,1937,0.2,0.4888888888888889,0.10649681082975002,3.91437686574952,0.7944231033325195,0.6532455458875928,242,0,0
ebg,gpt-4o,gpt-4o-2024-08-06,svm,103387,40,2629,0.2,0.4888888888888889,0.10649681082975002,3.91437686574952,0.7944231033325195,0.6532455458875928,400,1,1
ebg,gpt-4o,gpt-4o-2024-08-06,svm,103387,41,2199,0.2,0.4888888888888889,0.10649681082975002,3.91437686574952,0.7944231033325195,0.6532455458875928,145,0,1
ebg,gpt-4o,gpt-4o-2024-08-06,svm,103387,42,1876,0.2,0.4888888888888889,0.10649681082975002,3.91437686574952,0.7944231033325195,0.6532455458875928,433,0,1
ebg,gpt-4o,gpt-4o-2024-08-06,svm,103387,43,2517,0.2,0.4888888888888889,0.10649681082975002,3.91437686574952,0.7944231033325195,0.6532455458875928,10,0,0
ebg,gpt-4o,gpt-4o-2024-08-06,svm,103387,44,2041,0.2,0.4888888888888889,0.10649681082975002,3.91437686574952,0.7944231033325195,0.6532455458875928,428,0,1
ebg,gpt-4o,gpt-4o-2024-08-06,svm,98473,0,1444,0.3111111111111111,0.6,0.11126370353518443,3.979277111419124,0.8011525273323059,0.6508235410105574,27,0,0
ebg,gpt-4o,gpt-4o-2024-08-06,svm,98473,1,1525,0.3111111111111111,0.6,0.11126370353518443,3.979277111419124,0.8011525273323059,0.6508235410105574,312,0,0
ebg,gpt-4o,gpt-4o-2024-08-06,svm,98473,2,395,0.3111111111111111,0.6,0.11126370353518443,3.979277111419124,0.8011525273323059,0.6508235410105574,271,0,1
ebg,gpt-4o,gpt-4o-2024-08-06,svm,98473,3,1278,0.3111111111111111,0.6,0.11126370353518443,3.979277111419124,0.8011525273323059,0.6508235410105574,191,0,1
ebg,gpt-4o,gpt-4o-2024-08-06,svm,98473,4,1866,0.3111111111111111,0.6,0.11126370353518443,3.979277111419124,0.8011525273323059,0.6508235410105574,75,0,0
ebg,gpt-4o,gpt-4o-2024-08-06,svm,98473,5,1787,0.3111111111111111,0.6,0.11126370353518443,3.979277111419124,0.8011525273323059,0.6508235410105574,176,1,1
ebg,gpt-4o,gpt-4o-2024-08-06,svm,98473,6,436,0.3111111111111111,0.6,0.11126370353518443,3.979277111419124,0.8011525273323059,0.6508235410105574,50,0,0
ebg,gpt-4o,gpt-4o-2024-08-06,svm,98473,7,229,0.3111111111111111,0.6,0.11126370353518443,3.979277111419124,0.8011525273323059,0.6508235410105574,413,0,1
ebg,gpt-4o,gpt-4o-2024-08-06,svm,98473,8,473,0.3111111111111111,0.6,0.11126370353518443,3.979277111419124,0.8011525273323059,0.6508235410105574,206,0,1
ebg,gpt-4o,gpt-4o-2024-08-06,svm,98473,9,1604,0.3111111111111111,0.6,0.11126370353518443,3.979277111419124,0.8011525273323059,0.6508235410105574,426,1,1
ebg,gpt-4o,gpt-4o-2024-08-06,svm,98473,10,2372,0.3111111111111111,0.6,0.11126370353518443,3.979277111419124,0.8011525273323059,0.6508235410105574,469,0,0
ebg,gpt-4o,gpt-4o-2024-08-06,svm,98473,11,2124,0.3111111111111111,0.6,0.11126370353518443,3.979277111419124,0.8011525273323059,0.6508235410105574,26,0,0
ebg,gpt-4o,gpt-4o-2024-08-06,svm,98473,12,548,0.3111111111111111,0.6,0.11126370353518443,3.979277111419124,0.8011525273323059,0.6508235410105574,45,0,1
ebg,gpt-4o,gpt-4o-2024-08-06,svm,98473,13,2660,0.3111111111111111,0.6,0.11126370353518443,3.979277111419124,0.8011525273323059,0.6508235410105574,159,0,0
ebg,gpt-4o,gpt-4o-2024-08-06,svm,98473,14,906,0.3111111111111111,0.6,0.11126370353518443,3.979277111419124,0.8011525273323059,0.6508235410105574,385,0,1
ebg,gpt-4o,gpt-4o-2024-08-06,svm,98473,15,554,0.3111111111111111,0.6,0.11126370353518443,3.979277111419124,0.8011525273323059,0.6508235410105574,88,0,1
ebg,gpt-4o,gpt-4o-2024-08-06,svm,98473,16,390,0.3111111111111111,0.6,0.11126370353518443,3.979277111419124,0.8011525273323059,0.6508235410105574,13,0,1
ebg,gpt-4o,gpt-4o-2024-08-06,svm,98473,17,2168,0.3111111111111111,0.6,0.11126370353518443,3.979277111419124,0.8011525273323059,0.6508235410105574,56,0,1
ebg,gpt-4o,gpt-4o-2024-08-06,svm,98473,18,2228,0.3111111111111111,0.6,0.11126370353518443,3.979277111419124,0.8011525273323059,0.6508235410105574,154,1,1
ebg,gpt-4o,gpt-4o-2024-08-06,svm,98473,19,426,0.3111111111111111,0.6,0.11126370353518443,3.979277111419124,0.8011525273323059,0.6508235410105574,356,0,0
ebg,gpt-4o,gpt-4o-2024-08-06,svm,98473,20,430,0.3111111111111111,0.6,0.11126370353518443,3.979277111419124,0.8011525273323059,0.6508235410105574,288,0,0
ebg,gpt-4o,gpt-4o-2024-08-06,svm,98473,21,2276,0.3111111111111111,0.6,0.11126370353518443,3.979277111419124,0.8011525273323059,0.6508235410105574,252,0,1
ebg,gpt-4o,gpt-4o-2024-08-06,svm,98473,22,554,0.3111111111111111,0.6,0.11126370353518443,3.979277111419124,0.8011525273323059,0.6508235410105574,88,1,1
ebg,gpt-4o,gpt-4o-2024-08-06,svm,98473,23,1764,0.3111111111111111,0.6,0.11126370353518443,3.979277111419124,0.8011525273323059,0.6508235410105574,298,0,0
ebg,gpt-4o,gpt-4o-2024-08-06,svm,98473,24,2472,0.3111111111111111,0.6,0.11126370353518443,3.979277111419124,0.8011525273323059,0.6508235410105574,264,0,0
ebg,gpt-4o,gpt-4o-2024-08-06,svm,98473,25,1820,0.3111111111111111,0.6,0.11126370353518443,3.979277111419124,0.8011525273323059,0.6508235410105574,470,0,1
ebg,gpt-4o,gpt-4o-2024-08-06,svm,98473,26,243,0.3111111111111111,0.6,0.11126370353518443,3.979277111419124,0.8011525273323059,0.6508235410105574,314,0,1
ebg,gpt-4o,gpt-4o-2024-08-06,svm,98473,27,1745,0.3111111111111111,0.6,0.11126370353518443,3.979277111419124,0.8011525273323059,0.6508235410105574,119,0,0
ebg,gpt-4o,gpt-4o-2024-08-06,svm,98473,28,2259,0.3111111111111111,0.6,0.11126370353518443,3.979277111419124,0.8011525273323059,0.6508235410105574,73,0,0
ebg,gpt-4o,gpt-4o-2024-08-06,svm,98473,29,1046,0.3111111111111111,0.6,0.11126370353518443,3.979277111419124,0.8011525273323059,0.6508235410105574,123,0,0
ebg,gpt-4o,gpt-4o-2024-08-06,svm,98473,30,724,0.3111111111111111,0.6,0.11126370353518443,3.979277111419124,0.8011525273323059,0.6508235410105574,147,1,1
ebg,gpt-4o,gpt-4o-2024-08-06,svm,98473,31,1492,0.3111111111111111,0.6,0.11126370353518443,3.979277111419124,0.8011525273323059,0.6508235410105574,419,0,0
ebg,gpt-4o,gpt-4o-2024-08-06,svm,98473,32,519,0.3111111111111111,0.6,0.11126370353518443,3.979277111419124,0.8011525273323059,0.6508235410105574,302,0,0
ebg,gpt-4o,gpt-4o-2024-08-06,svm,98473,33,665,0.3111111111111111,0.6,0.11126370353518443,3.979277111419124,0.8011525273323059,0.6508235410105574,134,1,1
ebg,gpt-4o,gpt-4o-2024-08-06,svm,98473,34,2121,0.3111111111111111,0.6,0.11126370353518443,3.979277111419124,0.8011525273323059,0.6508235410105574,232,1,1
ebg,gpt-4o,gpt-4o-2024-08-06,svm,98473,35,1501,0.3111111111111111,0.6,0.11126370353518443,3.979277111419124,0.8011525273323059,0.6508235410105574,106,0,0
ebg,gpt-4o,gpt-4o-2024-08-06,svm,98473,36,306,0.3111111111111111,0.6,0.11126370353518443,3.979277111419124,0.8011525273323059,0.6508235410105574,273,0,0
ebg,gpt-4o,gpt-4o-2024-08-06,svm,98473,37,2514,0.3111111111111111,0.6,0.11126370353518443,3.979277111419124,0.8011525273323059,0.6508235410105574,136,1,1
ebg,gpt-4o,gpt-4o-2024-08-06,svm,98473,38,1203,0.3111111111111111,0.6,0.11126370353518443,3.979277111419124,0.8011525273323059,0.6508235410105574,495,0,0
ebg,gpt-4o,gpt-4o-2024-08-06,svm,98473,39,837,0.3111111111111111,0.6,0.11126370353518443,3.979277111419124,0.8011525273323059,0.6508235410105574,337,0,0
ebg,gpt-4o,gpt-4o-2024-08-06,svm,98473,40,1506,0.3111111111111111,0.6,0.11126370353518443,3.979277111419124,0.8011525273323059,0.6508235410105574,182,1,1
ebg,gpt-4o,gpt-4o-2024-08-06,svm,98473,41,1972,0.3111111111111111,0.6,0.11126370353518443,3.979277111419124,0.8011525273323059,0.6508235410105574,383,1,1
ebg,gpt-4o,gpt-4o-2024-08-06,svm,98473,42,718,0.3111111111111111,0.6,0.11126370353518443,3.979277111419124,0.8011525273323059,0.6508235410105574,189,0,1
ebg,gpt-4o,gpt-4o-2024-08-06,svm,98473,43,1416,0.3111111111111111,0.6,0.11126370353518443,3.979277111419124,0.8011525273323059,0.6508235410105574,175,0,0
ebg,gpt-4o,gpt-4o-2024-08-06,svm,98473,44,1918,0.3111111111111111,0.6,0.11126370353518443,3.979277111419124,0.8011525273323059,0.6508235410105574,6,1,1
ebg,gpt-4o,gpt-4o-2024-08-06,svm,93187,0,814,0.24444444444444444,0.5333333333333333,0.11076229421328945,3.8679461762958347,0.8068329691886902,0.6440179878348193,229,1,1
ebg,gpt-4o,gpt-4o-2024-08-06,svm,93187,1,1280,0.24444444444444444,0.5333333333333333,0.11076229421328945,3.8679461762958347,0.8068329691886902,0.6440179878348193,315,0,0
ebg,gpt-4o,gpt-4o-2024-08-06,svm,93187,2,1764,0.24444444444444444,0.5333333333333333,0.11076229421328945,3.8679461762958347,0.8068329691886902,0.6440179878348193,298,0,1
ebg,gpt-4o,gpt-4o-2024-08-06,svm,93187,3,538,0.24444444444444444,0.5333333333333333,0.11076229421328945,3.8679461762958347,0.8068329691886902,0.6440179878348193,89,0,1
ebg,gpt-4o,gpt-4o-2024-08-06,svm,93187,4,1764,0.24444444444444444,0.5333333333333333,0.11076229421328945,3.8679461762958347,0.8068329691886902,0.6440179878348193,132,0,1
ebg,gpt-4o,gpt-4o-2024-08-06,svm,93187,5,1670,0.24444444444444444,0.5333333333333333,0.11076229421328945,3.8679461762958347,0.8068329691886902,0.6440179878348193,327,1,1
ebg,gpt-4o,gpt-4o-2024-08-06,svm,93187,6,1492,0.24444444444444444,0.5333333333333333,0.11076229421328945,3.8679461762958347,0.8068329691886902,0.6440179878348193,29,0,0
ebg,gpt-4o,gpt-4o-2024-08-06,svm,93187,7,2629,0.24444444444444444,0.5333333333333333,0.11076229421328945,3.8679461762958347,0.8068329691886902,0.6440179878348193,400,1,1
ebg,gpt-4o,gpt-4o-2024-08-06,svm,93187,8,545,0.24444444444444444,0.5333333333333333,0.11076229421328945,3.8679461762958347,0.8068329691886902,0.6440179878348193,223,0,0
ebg,gpt-4o,gpt-4o-2024-08-06,svm,93187,9,615,0.24444444444444444,0.5333333333333333,0.11076229421328945,3.8679461762958347,0.8068329691886902,0.6440179878348193,144,0,1
ebg,gpt-4o,gpt-4o-2024-08-06,svm,93187,10,1826,0.24444444444444444,0.5333333333333333,0.11076229421328945,3.8679461762958347,0.8068329691886902,0.6440179878348193,364,0,0
ebg,gpt-4o,gpt-4o-2024-08-06,svm,93187,11,231,0.24444444444444444,0.5333333333333333,0.11076229421328945,3.8679461762958347,0.8068329691886902,0.6440179878348193,186,0,0
ebg,gpt-4o,gpt-4o-2024-08-06,svm,93187,12,1601,0.24444444444444444,0.5333333333333333,0.11076229421328945,3.8679461762958347,0.8068329691886902,0.6440179878348193,185,0,0
ebg,gpt-4o,gpt-4o-2024-08-06,svm,93187,13,1726,0.24444444444444444,0.5333333333333333,0.11076229421328945,3.8679461762958347,0.8068329691886902,0.6440179878348193,342,0,0
ebg,gpt-4o,gpt-4o-2024-08-06,svm,93187,14,1619,0.24444444444444444,0.5333333333333333,0.11076229421328945,3.8679461762958347,0.8068329691886902,0.6440179878348193,236,0,1
ebg,gpt-4o,gpt-4o-2024-08-06,svm,93187,15,1068,0.24444444444444444,0.5333333333333333,0.11076229421328945,3.8679461762958347,0.8068329691886902,0.6440179878348193,468,0,1
ebg,gpt-4o,gpt-4o-2024-08-06,svm,93187,16,1588,0.24444444444444444,0.5333333333333333,0.11076229421328945,3.8679461762958347,0.8068329691886902,0.6440179878348193,420,0,1
ebg,gpt-4o,gpt-4o-2024-08-06,svm,93187,17,1960,0.24444444444444444,0.5333333333333333,0.11076229421328945,3.8679461762958347,0.8068329691886902,0.6440179878348193,92,0,0
ebg,gpt-4o,gpt-4o-2024-08-06,svm,93187,18,2629,0.24444444444444444,0.5333333333333333,0.11076229421328945,3.8679461762958347,0.8068329691886902,0.6440179878348193,400,1,1
ebg,gpt-4o,gpt-4o-2024-08-06,svm,93187,19,272,0.24444444444444444,0.5333333333333333,0.11076229421328945,3.8679461762958347,0.8068329691886902,0.6440179878348193,42,0,0
ebg,gpt-4o,gpt-4o-2024-08-06,svm,93187,20,578,0.24444444444444444,0.5333333333333333,0.11076229421328945,3.8679461762958347,0.8068329691886902,0.6440179878348193,423,0,1
ebg,gpt-4o,gpt-4o-2024-08-06,svm,93187,21,2312,0.24444444444444444,0.5333333333333333,0.11076229421328945,3.8679461762958347,0.8068329691886902,0.6440179878348193,487,0,0
ebg,gpt-4o,gpt-4o-2024-08-06,svm,93187,22,449,0.24444444444444444,0.5333333333333333,0.11076229421328945,3.8679461762958347,0.8068329691886902,0.6440179878348193,245,0,1
ebg,gpt-4o,gpt-4o-2024-08-06,svm,93187,23,1799,0.24444444444444444,0.5333333333333333,0.11076229421328945,3.8679461762958347,0.8068329691886902,0.6440179878348193,199,1,1
ebg,gpt-4o,gpt-4o-2024-08-06,svm,93187,24,346,0.24444444444444444,0.5333333333333333,0.11076229421328945,3.8679461762958347,0.8068329691886902,0.6440179878348193,180,0,1
ebg,gpt-4o,gpt-4o-2024-08-06,svm,93187,25,243,0.24444444444444444,0.5333333333333333,0.11076229421328945,3.8679461762958347,0.8068329691886902,0.6440179878348193,314,0,0
ebg,gpt-4o,gpt-4o-2024-08-06,svm,93187,26,1024,0.24444444444444444,0.5333333333333333,0.11076229421328945,3.8679461762958347,0.8068329691886902,0.6440179878348193,69,1,1
ebg,gpt-4o,gpt-4o-2024-08-06,svm,93187,27,1280,0.24444444444444444,0.5333333333333333,0.11076229421328945,3.8679461762958347,0.8068329691886902,0.6440179878348193,315,0,0
ebg,gpt-4o,gpt-4o-2024-08-06,svm,93187,28,1937,0.24444444444444444,0.5333333333333333,0.11076229421328945,3.8679461762958347,0.8068329691886902,0.6440179878348193,366,0,0
ebg,gpt-4o,gpt-4o-2024-08-06,svm,93187,29,268,0.24444444444444444,0.5333333333333333,0.11076229421328945,3.8679461762958347,0.8068329691886902,0.6440179878348193,398,0,0
ebg,gpt-4o,gpt-4o-2024-08-06,svm,93187,30,2472,0.24444444444444444,0.5333333333333333,0.11076229421328945,3.8679461762958347,0.8068329691886902,0.6440179878348193,264,1,1
ebg,gpt-4o,gpt-4o-2024-08-06,svm,93187,31,526,0.24444444444444444,0.5333333333333333,0.11076229421328945,3.8679461762958347,0.8068329691886902,0.6440179878348193,224,0,1
ebg,gpt-4o,gpt-4o-2024-08-06,svm,93187,32,302,0.24444444444444444,0.5333333333333333,0.11076229421328945,3.8679461762958347,0.8068329691886902,0.6440179878348193,439,0,0
ebg,gpt-4o,gpt-4o-2024-08-06,svm,93187,33,494,0.24444444444444444,0.5333333333333333,0.11076229421328945,3.8679461762958347,0.8068329691886902,0.6440179878348193,202,1,1
ebg,gpt-4o,gpt-4o-2024-08-06,svm,93187,34,1061,0.24444444444444444,0.5333333333333333,0.11076229421328945,3.8679461762958347,0.8068329691886902,0.6440179878348193,282,1,1
ebg,gpt-4o,gpt-4o-2024-08-06,svm,93187,35,1498,0.24444444444444444,0.5333333333333333,0.11076229421328945,3.8679461762958347,0.8068329691886902,0.6440179878348193,127,0,0
ebg,gpt-4o,gpt-4o-2024-08-06,svm,93187,36,280,0.24444444444444444,0.5333333333333333,0.11076229421328945,3.8679461762958347,0.8068329691886902,0.6440179878348193,357,0,0
ebg,gpt-4o,gpt-4o-2024-08-06,svm,93187,37,2041,0.24444444444444444,0.5333333333333333,0.11076229421328945,3.8679461762958347,0.8068329691886902,0.6440179878348193,428,1,1
ebg,gpt-4o,gpt-4o-2024-08-06,svm,93187,38,1009,0.24444444444444444,0.5333333333333333,0.11076229421328945,3.8679461762958347,0.8068329691886902,0.6440179878348193,125,0,0
ebg,gpt-4o,gpt-4o-2024-08-06,svm,93187,39,1641,0.24444444444444444,0.5333333333333333,0.11076229421328945,3.8679461762958347,0.8068329691886902,0.6440179878348193,445,0,0
ebg,gpt-4o,gpt-4o-2024-08-06,svm,93187,40,1205,0.24444444444444444,0.5333333333333333,0.11076229421328945,3.8679461762958347,0.8068329691886902,0.6440179878348193,438,1,1
ebg,gpt-4o,gpt-4o-2024-08-06,svm,93187,41,963,0.24444444444444444,0.5333333333333333,0.11076229421328945,3.8679461762958347,0.8068329691886902,0.6440179878348193,334,0,0
ebg,gpt-4o,gpt-4o-2024-08-06,svm,93187,42,1473,0.24444444444444444,0.5333333333333333,0.11076229421328945,3.8679461762958347,0.8068329691886902,0.6440179878348193,226,1,1
ebg,gpt-4o,gpt-4o-2024-08-06,svm,93187,43,1380,0.24444444444444444,0.5333333333333333,0.11076229421328945,3.8679461762958347,0.8068329691886902,0.6440179878348193,278,0,0
ebg,gpt-4o,gpt-4o-2024-08-06,svm,93187,44,1697,0.24444444444444444,0.5333333333333333,0.11076229421328945,3.8679461762958347,0.8068329691886902,0.6440179878348193,283,0,1
ebg,gpt-4o,gpt-4o-2024-08-06,svm,95617,0,938,0.2222222222222222,0.6,0.10526385552825751,4.032110197968423,0.8026971817016602,0.65655086101965,482,0,0
ebg,gpt-4o,gpt-4o-2024-08-06,svm,95617,1,1484,0.2222222222222222,0.6,0.10526385552825751,4.032110197968423,0.8026971817016602,0.65655086101965,80,0,0
ebg,gpt-4o,gpt-4o-2024-08-06,svm,95617,2,349,0.2222222222222222,0.6,0.10526385552825751,4.032110197968423,0.8026971817016602,0.65655086101965,392,0,1
ebg,gpt-4o,gpt-4o-2024-08-06,svm,95617,3,2009,0.2222222222222222,0.6,0.10526385552825751,4.032110197968423,0.8026971817016602,0.65655086101965,108,1,1
ebg,gpt-4o,gpt-4o-2024-08-06,svm,95617,4,779,0.2222222222222222,0.6,0.10526385552825751,4.032110197968423,0.8026971817016602,0.65655086101965,100,0,1
ebg,gpt-4o,gpt-4o-2024-08-06,svm,95617,5,1326,0.2222222222222222,0.6,0.10526385552825751,4.032110197968423,0.8026971817016602,0.65655086101965,330,0,1
ebg,gpt-4o,gpt-4o-2024-08-06,svm,95617,6,1530,0.2222222222222222,0.6,0.10526385552825751,4.032110197968423,0.8026971817016602,0.65655086101965,155,0,0
ebg,gpt-4o,gpt-4o-2024-08-06,svm,95617,7,455,0.2222222222222222,0.6,0.10526385552825751,4.032110197968423,0.8026971817016602,0.65655086101965,379,1,1
ebg,gpt-4o,gpt-4o-2024-08-06,svm,95617,8,2056,0.2222222222222222,0.6,0.10526385552825751,4.032110197968423,0.8026971817016602,0.65655086101965,233,0,1
ebg,gpt-4o,gpt-4o-2024-08-06,svm,95617,9,311,0.2222222222222222,0.6,0.10526385552825751,4.032110197968423,0.8026971817016602,0.65655086101965,295,1,1
ebg,gpt-4o,gpt-4o-2024-08-06,svm,95617,10,1444,0.2222222222222222,0.6,0.10526385552825751,4.032110197968423,0.8026971817016602,0.65655086101965,27,0,0
ebg,gpt-4o,gpt-4o-2024-08-06,svm,95617,11,284,0.2222222222222222,0.6,0.10526385552825751,4.032110197968423,0.8026971817016602,0.65655086101965,256,0,0
ebg,gpt-4o,gpt-4o-2024-08-06,svm,95617,12,390,0.2222222222222222,0.6,0.10526385552825751,4.032110197968423,0.8026971817016602,0.65655086101965,277,0,0
ebg,gpt-4o,gpt-4o-2024-08-06,svm,95617,13,2296,0.2222222222222222,0.6,0.10526385552825751,4.032110197968423,0.8026971817016602,0.65655086101965,480,0,1
ebg,gpt-4o,gpt-4o-2024-08-06,svm,95617,14,545,0.2222222222222222,0.6,0.10526385552825751,4.032110197968423,0.8026971817016602,0.65655086101965,223,1,1
ebg,gpt-4o,gpt-4o-2024-08-06,svm,95617,15,1826,0.2222222222222222,0.6,0.10526385552825751,4.032110197968423,0.8026971817016602,0.65655086101965,364,0,1
ebg,gpt-4o,gpt-4o-2024-08-06,svm,95617,16,2629,0.2222222222222222,0.6,0.10526385552825751,4.032110197968423,0.8026971817016602,0.65655086101965,400,0,0
ebg,gpt-4o,gpt-4o-2024-08-06,svm,95617,17,231,0.2222222222222222,0.6,0.10526385552825751,4.032110197968423,0.8026971817016602,0.65655086101965,186,0,1
ebg,gpt-4o,gpt-4o-2024-08-06,svm,95617,18,1644,0.2222222222222222,0.6,0.10526385552825751,4.032110197968423,0.8026971817016602,0.65655086101965,313,1,1
ebg,gpt-4o,gpt-4o-2024-08-06,svm,95617,19,539,0.2222222222222222,0.6,0.10526385552825751,4.032110197968423,0.8026971817016602,0.65655086101965,463,0,1
ebg,gpt-4o,gpt-4o-2024-08-06,svm,95617,20,1542,0.2222222222222222,0.6,0.10526385552825751,4.032110197968423,0.8026971817016602,0.65655086101965,243,0,1
ebg,gpt-4o,gpt-4o-2024-08-06,svm,95617,21,1070,0.2222222222222222,0.6,0.10526385552825751,4.032110197968423,0.8026971817016602,0.65655086101965,456,0,1
ebg,gpt-4o,gpt-4o-2024-08-06,svm,95617,22,924,0.2222222222222222,0.6,0.10526385552825751,4.032110197968423,0.8026971817016602,0.65655086101965,231,1,1
ebg,gpt-4o,gpt-4o-2024-08-06,svm,95617,23,1934,0.2222222222222222,0.6,0.10526385552825751,4.032110197968423,0.8026971817016602,0.65655086101965,246,0,1
ebg,gpt-4o,gpt-4o-2024-08-06,svm,95617,24,623,0.2222222222222222,0.6,0.10526385552825751,4.032110197968423,0.8026971817016602,0.65655086101965,474,0,1
ebg,gpt-4o,gpt-4o-2024-08-06,svm,95617,25,1467,0.2222222222222222,0.6,0.10526385552825751,4.032110197968423,0.8026971817016602,0.65655086101965,372,0,0
ebg,gpt-4o,gpt-4o-2024-08-06,svm,95617,26,230,0.2222222222222222,0.6,0.10526385552825751,4.032110197968423,0.8026971817016602,0.65655086101965,228,1,1
ebg,gpt-4o,gpt-4o-2024-08-06,svm,95617,27,1067,0.2222222222222222,0.6,0.10526385552825751,4.032110197968423,0.8026971817016602,0.65655086101965,338,0,0
ebg,gpt-4o,gpt-4o-2024-08-06,svm,95617,28,2065,0.2222222222222222,0.6,0.10526385552825751,4.032110197968423,0.8026971817016602,0.65655086101965,270,0,0
ebg,gpt-4o,gpt-4o-2024-08-06,svm,95617,29,2244,0.2222222222222222,0.6,0.10526385552825751,4.032110197968423,0.8026971817016602,0.65655086101965,59,0,0
ebg,gpt-4o,gpt-4o-2024-08-06,svm,95617,30,1644,0.2222222222222222,0.6,0.10526385552825751,4.032110197968423,0.8026971817016602,0.65655086101965,313,1,1
ebg,gpt-4o,gpt-4o-2024-08-06,svm,95617,31,709,0.2222222222222222,0.6,0.10526385552825751,4.032110197968423,0.8026971817016602,0.65655086101965,370,0,1
ebg,gpt-4o,gpt-4o-2024-08-06,svm,95617,32,1975,0.2222222222222222,0.6,0.10526385552825751,4.032110197968423,0.8026971817016602,0.65655086101965,301,0,1
ebg,gpt-4o,gpt-4o-2024-08-06,svm,95617,33,418,0.2222222222222222,0.6,0.10526385552825751,4.032110197968423,0.8026971817016602,0.65655086101965,458,0,0
ebg,gpt-4o,gpt-4o-2024-08-06,svm,95617,34,1745,0.2222222222222222,0.6,0.10526385552825751,4.032110197968423,0.8026971817016602,0.65655086101965,119,0,1
ebg,gpt-4o,gpt-4o-2024-08-06,svm,95617,35,1894,0.2222222222222222,0.6,0.10526385552825751,4.032110197968423,0.8026971817016602,0.65655086101965,299,0,0
ebg,gpt-4o,gpt-4o-2024-08-06,svm,95617,36,684,0.2222222222222222,0.6,0.10526385552825751,4.032110197968423,0.8026971817016602,0.65655086101965,499,0,1
ebg,gpt-4o,gpt-4o-2024-08-06,svm,95617,37,970,0.2222222222222222,0.6,0.10526385552825751,4.032110197968423,0.8026971817016602,0.65655086101965,138,0,1
ebg,gpt-4o,gpt-4o-2024-08-06,svm,95617,38,859,0.2222222222222222,0.6,0.10526385552825751,4.032110197968423,0.8026971817016602,0.65655086101965,444,0,1
ebg,gpt-4o,gpt-4o-2024-08-06,svm,95617,39,1975,0.2222222222222222,0.6,0.10526385552825751,4.032110197968423,0.8026971817016602,0.65655086101965,54,0,0
ebg,gpt-4o,gpt-4o-2024-08-06,svm,95617,40,970,0.2222222222222222,0.6,0.10526385552825751,4.032110197968423,0.8026971817016602,0.65655086101965,138,1,1
ebg,gpt-4o,gpt-4o-2024-08-06,svm,95617,41,1017,0.2222222222222222,0.6,0.10526385552825751,4.032110197968423,0.8026971817016602,0.65655086101965,274,0,1
ebg,gpt-4o,gpt-4o-2024-08-06,svm,95617,42,2312,0.2222222222222222,0.6,0.10526385552825751,4.032110197968423,0.8026971817016602,0.65655086101965,329,0,1
ebg,gpt-4o,gpt-4o-2024-08-06,svm,95617,43,1601,0.2222222222222222,0.6,0.10526385552825751,4.032110197968423,0.8026971817016602,0.65655086101965,185,0,0
ebg,gpt-4o,gpt-4o-2024-08-06,svm,95617,44,324,0.2222222222222222,0.6,0.10526385552825751,4.032110197968423,0.8026971817016602,0.65655086101965,477,0,1
ebg,gpt-4o,gpt-4o-2024-08-06,svm,101089,0,1030,0.3333333333333333,0.6222222222222222,0.1125911420213289,4.0249040788464505,0.7982711791992188,0.6515214722279561,399,0,0
ebg,gpt-4o,gpt-4o-2024-08-06,svm,101089,1,1167,0.3333333333333333,0.6222222222222222,0.1125911420213289,4.0249040788464505,0.7982711791992188,0.6515214722279561,148,0,0
ebg,gpt-4o,gpt-4o-2024-08-06,svm,101089,2,1326,0.3333333333333333,0.6222222222222222,0.1125911420213289,4.0249040788464505,0.7982711791992188,0.6515214722279561,330,0,1
ebg,gpt-4o,gpt-4o-2024-08-06,svm,101089,3,311,0.3333333333333333,0.6222222222222222,0.1125911420213289,4.0249040788464505,0.7982711791992188,0.6515214722279561,295,0,0
ebg,gpt-4o,gpt-4o-2024-08-06,svm,101089,4,1492,0.3333333333333333,0.6222222222222222,0.1125911420213289,4.0249040788464505,0.7982711791992188,0.6515214722279561,29,0,1
ebg,gpt-4o,gpt-4o-2024-08-06,svm,101089,5,1692,0.3333333333333333,0.6222222222222222,0.1125911420213289,4.0249040788464505,0.7982711791992188,0.6515214722279561,240,1,1
ebg,gpt-4o,gpt-4o-2024-08-06,svm,101089,6,230,0.3333333333333333,0.6222222222222222,0.1125911420213289,4.0249040788464505,0.7982711791992188,0.6515214722279561,228,0,0
ebg,gpt-4o,gpt-4o-2024-08-06,svm,101089,7,1084,0.3333333333333333,0.6222222222222222,0.1125911420213289,4.0249040788464505,0.7982711791992188,0.6515214722279561,375,1,1
ebg,gpt-4o,gpt-4o-2024-08-06,svm,101089,8,2231,0.3333333333333333,0.6222222222222222,0.1125911420213289,4.0249040788464505,0.7982711791992188,0.6515214722279561,365,0,1
ebg,gpt-4o,gpt-4o-2024-08-06,svm,101089,9,955,0.3333333333333333,0.6222222222222222,0.1125911420213289,4.0249040788464505,0.7982711791992188,0.6515214722279561,431,1,1
ebg,gpt-4o,gpt-4o-2024-08-06,svm,101089,10,500,0.3333333333333333,0.6222222222222222,0.1125911420213289,4.0249040788464505,0.7982711791992188,0.6515214722279561,485,0,0
ebg,gpt-4o,gpt-4o-2024-08-06,svm,101089,11,1651,0.3333333333333333,0.6222222222222222,0.1125911420213289,4.0249040788464505,0.7982711791992188,0.6515214722279561,306,0,0
ebg,gpt-4o,gpt-4o-2024-08-06,svm,101089,12,1828,0.3333333333333333,0.6222222222222222,0.1125911420213289,4.0249040788464505,0.7982711791992188,0.6515214722279561,253,0,0
ebg,gpt-4o,gpt-4o-2024-08-06,svm,101089,13,240,0.3333333333333333,0.6222222222222222,0.1125911420213289,4.0249040788464505,0.7982711791992188,0.6515214722279561,91,0,0
ebg,gpt-4o,gpt-4o-2024-08-06,svm,101089,14,2585,0.3333333333333333,0.6222222222222222,0.1125911420213289,4.0249040788464505,0.7982711791992188,0.6515214722279561,197,0,1
ebg,gpt-4o,gpt-4o-2024-08-06,svm,101089,15,344,0.3333333333333333,0.6222222222222222,0.1125911420213289,4.0249040788464505,0.7982711791992188,0.6515214722279561,1,0,1
ebg,gpt-4o,gpt-4o-2024-08-06,svm,101089,16,1097,0.3333333333333333,0.6222222222222222,0.1125911420213289,4.0249040788464505,0.7982711791992188,0.6515214722279561,15,0,1
ebg,gpt-4o,gpt-4o-2024-08-06,svm,101089,17,1415,0.3333333333333333,0.6222222222222222,0.1125911420213289,4.0249040788464505,0.7982711791992188,0.6515214722279561,187,1,1
ebg,gpt-4o,gpt-4o-2024-08-06,svm,101089,18,731,0.3333333333333333,0.6222222222222222,0.1125911420213289,4.0249040788464505,0.7982711791992188,0.6515214722279561,440,1,1
ebg,gpt-4o,gpt-4o-2024-08-06,svm,101089,19,781,0.3333333333333333,0.6222222222222222,0.1125911420213289,4.0249040788464505,0.7982711791992188,0.6515214722279561,300,0,0
ebg,gpt-4o,gpt-4o-2024-08-06,svm,101089,20,1641,0.3333333333333333,0.6222222222222222,0.1125911420213289,4.0249040788464505,0.7982711791992188,0.6515214722279561,445,0,0
ebg,gpt-4o,gpt-4o-2024-08-06,svm,101089,21,2311,0.3333333333333333,0.6222222222222222,0.1125911420213289,4.0249040788464505,0.7982711791992188,0.6515214722279561,269,1,1
ebg,gpt-4o,gpt-4o-2024-08-06,svm,101089,22,1543,0.3333333333333333,0.6222222222222222,0.1125911420213289,4.0249040788464505,0.7982711791992188,0.6515214722279561,152,1,1
ebg,gpt-4o,gpt-4o-2024-08-06,svm,101089,23,1441,0.3333333333333333,0.6222222222222222,0.1125911420213289,4.0249040788464505,0.7982711791992188,0.6515214722279561,167,0,1
ebg,gpt-4o,gpt-4o-2024-08-06,svm,101089,24,349,0.3333333333333333,0.6222222222222222,0.1125911420213289,4.0249040788464505,0.7982711791992188,0.6515214722279561,392,0,0
ebg,gpt-4o,gpt-4o-2024-08-06,svm,101089,25,1525,0.3333333333333333,0.6222222222222222,0.1125911420213289,4.0249040788464505,0.7982711791992188,0.6515214722279561,422,0,1
ebg,gpt-4o,gpt-4o-2024-08-06,svm,101089,26,2180,0.3333333333333333,0.6222222222222222,0.1125911420213289,4.0249040788464505,0.7982711791992188,0.6515214722279561,203,0,1
ebg,gpt-4o,gpt-4o-2024-08-06,svm,101089,27,1944,0.3333333333333333,0.6222222222222222,0.1125911420213289,4.0249040788464505,0.7982711791992188,0.6515214722279561,210,0,0
ebg,gpt-4o,gpt-4o-2024-08-06,svm,101089,28,2235,0.3333333333333333,0.6222222222222222,0.1125911420213289,4.0249040788464505,0.7982711791992188,0.6515214722279561,113,0,0
ebg,gpt-4o,gpt-4o-2024-08-06,svm,101089,29,1045,0.3333333333333333,0.6222222222222222,0.1125911420213289,4.0249040788464505,0.7982711791992188,0.6515214722279561,376,0,1
ebg,gpt-4o,gpt-4o-2024-08-06,svm,101089,30,1326,0.3333333333333333,0.6222222222222222,0.1125911420213289,4.0249040788464505,0.7982711791992188,0.6515214722279561,330,1,1
ebg,gpt-4o,gpt-4o-2024-08-06,svm,101089,31,2333,0.3333333333333333,0.6222222222222222,0.1125911420213289,4.0249040788464505,0.7982711791992188,0.6515214722279561,133,0,0
ebg,gpt-4o,gpt-4o-2024-08-06,svm,101089,32,554,0.3333333333333333,0.6222222222222222,0.1125911420213289,4.0249040788464505,0.7982711791992188,0.6515214722279561,449,0,0
ebg,gpt-4o,gpt-4o-2024-08-06,svm,101089,33,1473,0.3333333333333333,0.6222222222222222,0.1125911420213289,4.0249040788464505,0.7982711791992188,0.6515214722279561,226,1,1
ebg,gpt-4o,gpt-4o-2024-08-06,svm,101089,34,1254,0.3333333333333333,0.6222222222222222,0.1125911420213289,4.0249040788464505,0.7982711791992188,0.6515214722279561,411,0,1
ebg,gpt-4o,gpt-4o-2024-08-06,svm,101089,35,967,0.3333333333333333,0.6222222222222222,0.1125911420213289,4.0249040788464505,0.7982711791992188,0.6515214722279561,53,0,1
ebg,gpt-4o,gpt-4o-2024-08-06,svm,101089,36,1564,0.3333333333333333,0.6222222222222222,0.1125911420213289,4.0249040788464505,0.7982711791992188,0.6515214722279561,388,0,0
ebg,gpt-4o,gpt-4o-2024-08-06,svm,101089,37,1391,0.3333333333333333,0.6222222222222222,0.1125911420213289,4.0249040788464505,0.7982711791992188,0.6515214722279561,472,1,1
ebg,gpt-4o,gpt-4o-2024-08-06,svm,101089,38,589,0.3333333333333333,0.6222222222222222,0.1125911420213289,4.0249040788464505,0.7982711791992188,0.6515214722279561,195,0,0
ebg,gpt-4o,gpt-4o-2024-08-06,svm,101089,39,2333,0.3333333333333333,0.6222222222222222,0.1125911420213289,4.0249040788464505,0.7982711791992188,0.6515214722279561,133,0,0
ebg,gpt-4o,gpt-4o-2024-08-06,svm,101089,40,1441,0.3333333333333333,0.6222222222222222,0.1125911420213289,4.0249040788464505,0.7982711791992188,0.6515214722279561,167,1,1
ebg,gpt-4o,gpt-4o-2024-08-06,svm,101089,41,2312,0.3333333333333333,0.6222222222222222,0.1125911420213289,4.0249040788464505,0.7982711791992188,0.6515214722279561,487,0,1
ebg,gpt-4o,gpt-4o-2024-08-06,svm,101089,42,2399,0.3333333333333333,0.6222222222222222,0.1125911420213289,4.0249040788464505,0.7982711791992188,0.6515214722279561,139,0,1
ebg,gpt-4o,gpt-4o-2024-08-06,svm,101089,43,539,0.3333333333333333,0.6222222222222222,0.1125911420213289,4.0249040788464505,0.7982711791992188,0.6515214722279561,463,0,0
ebg,gpt-4o,gpt-4o-2024-08-06,svm,101089,44,1255,0.3333333333333333,0.6222222222222222,0.1125911420213289,4.0249040788464505,0.7982711791992188,0.6515214722279561,122,0,1
