corpus,llm,llm_dir,threat_model,seed,document_idx,exemplar_length,binary_acc1,binary_acc5,true_class_confidence,entropy,bertscore,pinc,sample_id
ebg,claude-3.5,claude-3-5-sonnet-20241022,svm,98473,0,1444,0,0,4.225890574997108e-05,2.677318492058333,0.616007924079895,0.8900056818181818,27
ebg,claude-3.5,claude-3-5-sonnet-20241022,svm,98473,1,1525,0,0,2.2399706339702853e-05,1.3255562227175863,0.6158432364463806,0.8734120811831464,312
ebg,claude-3.5,claude-3-5-sonnet-20241022,svm,98473,2,395,0,1,0.011173636071444863,0.35931580988348827,0.5591229200363159,0.8471305339515325,271
ebg,claude-3.5,claude-3-5-sonnet-20241022,svm,98473,3,1278,0,0,2.0820750919403924e-06,1.2017783112404135,0.6766132712364197,0.8069202685801516,191
ebg,claude-3.5,claude-3-5-sonnet-20241022,svm,98473,4,1866,0,1,5.740828127665813e-07,0.7420830531506837,0.5968981981277466,0.8888132634278036,75
ebg,claude-3.5,claude-3-5-sonnet-20241022,svm,98473,5,1787,0,1,0.00018535254411766565,0.7765789069756478,0.6190962791442871,0.8662158864382544,176
ebg,claude-3.5,claude-3-5-sonnet-20241022,svm,98473,6,436,0,0,0.0004249914678532803,0.5857528215230859,0.5987622141838074,0.8869620245560472,50
ebg,claude-3.5,claude-3-5-sonnet-20241022,svm,98473,7,229,1,1,0.9910343343190674,0.074831218624436,0.6488044857978821,0.8389215864424417,413
ebg,claude-3.5,claude-3-5-sonnet-20241022,svm,98473,8,473,0,0,5.7127829364703715e-05,0.7571378877096989,0.6630847454071045,0.8166143936328072,206
ebg,claude-3.5,claude-3-5-sonnet-20241022,svm,98473,9,1604,0,0,0.0014797457233119646,1.29796317079029,0.6188001036643982,0.8657861404128915,426
ebg,claude-3.5,claude-3-5-sonnet-20241022,svm,98473,10,2372,0,0,1.6019560969483825e-10,0.002011981962439133,0.6766929626464844,0.8417510333344795,469
ebg,claude-3.5,claude-3-5-sonnet-20241022,svm,98473,11,2124,0,0,2.5497040980648714e-07,1.7247028390366368,0.6209982633590698,0.8426095232029536,26
ebg,claude-3.5,claude-3-5-sonnet-20241022,svm,98473,12,548,0,0,9.872143946813181e-07,0.16938291910203707,0.6280173659324646,0.8536961739573241,45
ebg,claude-3.5,claude-3-5-sonnet-20241022,svm,98473,13,2660,0,0,8.381603242185655e-08,0.9229582961577172,0.6403747797012329,0.8458420842979375,159
ebg,claude-3.5,claude-3-5-sonnet-20241022,svm,98473,14,906,0,0,0.0016134549756888362,1.4141498234856944,0.5503832697868347,0.8797272881098851,385
ebg,claude-3.5,claude-3-5-sonnet-20241022,svm,98473,15,554,0,1,0.0005981584623642926,1.0143167388253214,0.6240500807762146,0.8013209208871609,88
ebg,claude-3.5,claude-3-5-sonnet-20241022,svm,98473,16,390,0,0,3.612012978494313e-10,0.008603785604256585,0.5952680706977844,0.8710972860242235,13
ebg,claude-3.5,claude-3-5-sonnet-20241022,svm,98473,17,2168,0,0,0.004980431414484852,2.837213885707085,0.5725205540657043,0.8656691920440625,56
ebg,claude-3.5,claude-3-5-sonnet-20241022,svm,98473,18,2228,0,1,0.0032140441343359327,0.29557827663686104,0.6195028424263,0.7923329230166491,154
ebg,claude-3.5,claude-3-5-sonnet-20241022,svm,98473,19,426,0,0,7.057749928081264e-05,1.685001895694399,0.6393819451332092,0.8591559763607048,356
ebg,claude-3.5,claude-3-5-sonnet-20241022,svm,98473,20,430,0,0,7.277526639136856e-06,0.45293247152875216,0.5996718406677246,0.9013750502160665,288
ebg,claude-3.5,claude-3-5-sonnet-20241022,svm,98473,21,2276,0,0,6.296746108784505e-05,0.599577714961035,0.6765512824058533,0.8230644911969398,252
ebg,claude-3.5,claude-3-5-sonnet-20241022,svm,98473,22,554,0,0,1.8420675960237808e-08,0.10476930464063568,0.5525920391082764,0.9091008771929825,88
ebg,claude-3.5,claude-3-5-sonnet-20241022,svm,98473,23,1764,0,0,2.338160125123857e-06,0.04071562726918517,0.636995255947113,0.8619243587029392,298
ebg,claude-3.5,claude-3-5-sonnet-20241022,svm,98473,24,2472,0,0,7.256969588506326e-11,0.001710897721726078,0.5296494364738464,0.9250638935644633,264
ebg,claude-3.5,claude-3-5-sonnet-20241022,svm,98473,25,1820,0,0,6.258938076736597e-07,0.02692301240463954,0.6495996713638306,0.8596059383222772,470
ebg,claude-3.5,claude-3-5-sonnet-20241022,svm,98473,26,243,0,0,2.9772386056981624e-08,0.002074960823731843,0.578179657459259,0.8746384352362613,314
ebg,claude-3.5,claude-3-5-sonnet-20241022,svm,98473,27,1745,0,1,2.4271776565749872e-06,0.01885369766958781,0.5782758593559265,0.8608978889038452,119
ebg,claude-3.5,claude-3-5-sonnet-20241022,svm,98473,28,2259,0,0,0.0036586869178776723,0.8091828942200973,0.6239364743232727,0.8171867066044711,73
ebg,claude-3.5,claude-3-5-sonnet-20241022,svm,98473,29,1046,0,0,1.1032487389138322e-08,1.385370143257392,0.5880300402641296,0.8857583017917509,123
ebg,claude-3.5,claude-3-5-sonnet-20241022,svm,98473,30,724,0,1,0.31902119381815913,2.2150006713110035,0.7101274728775024,0.8056222420869167,147
ebg,claude-3.5,claude-3-5-sonnet-20241022,svm,98473,31,1492,0,0,3.07620456727959e-05,1.1981724104662606,0.5454431772232056,0.9057646268670555,419
ebg,claude-3.5,claude-3-5-sonnet-20241022,svm,98473,32,519,0,0,0.00010860663836818741,0.19339443175415377,0.5889304876327515,0.8714026728658354,302
ebg,claude-3.5,claude-3-5-sonnet-20241022,svm,98473,33,665,0,0,1.0199771351435309e-05,0.7697274630533767,0.5868983268737793,0.8718218973472333,134
ebg,claude-3.5,claude-3-5-sonnet-20241022,svm,98473,34,2121,0,0,7.895013865099583e-05,0.08587087664655961,0.5503938794136047,0.8984429606635898,232
ebg,claude-3.5,claude-3-5-sonnet-20241022,svm,98473,35,1501,0,0,1.6966321394777903e-09,0.14967380421531767,0.6092032194137573,0.8933693507103015,106
ebg,claude-3.5,claude-3-5-sonnet-20241022,svm,98473,36,306,0,0,8.095963466903466e-07,0.13175013790240384,0.5609533786773682,0.8970216948927002,273
ebg,claude-3.5,claude-3-5-sonnet-20241022,svm,98473,37,2514,0,1,0.11089494624650852,2.961064038119472,0.6289770007133484,0.8751698789226587,136
ebg,claude-3.5,claude-3-5-sonnet-20241022,svm,98473,38,1203,0,0,1.7781736203886064e-10,0.020732971166374504,0.6425624489784241,0.8383648628554884,495
ebg,claude-3.5,claude-3-5-sonnet-20241022,svm,98473,39,837,0,1,0.02906449107244639,0.5538728429119977,0.6236581206321716,0.8359679820673223,337
ebg,claude-3.5,claude-3-5-sonnet-20241022,svm,98473,40,1506,0,1,0.0012507113658387736,0.2565738840563361,0.6526939868927002,0.7875424472617729,182
ebg,claude-3.5,claude-3-5-sonnet-20241022,svm,98473,41,1972,0,0,8.883294909356569e-11,2.5180317741590335e-05,0.5794265270233154,0.8486699598566274,383
ebg,claude-3.5,claude-3-5-sonnet-20241022,svm,98473,42,718,0,0,3.8046494641848904e-08,0.7478765796320825,0.5722208619117737,0.9124970073350129,189
ebg,claude-3.5,claude-3-5-sonnet-20241022,svm,98473,43,1416,0,1,0.00015925948956785823,0.06079868706125612,0.5970166325569153,0.8708190005053014,175
ebg,claude-3.5,claude-3-5-sonnet-20241022,svm,98473,44,1918,0,0,1.866253596006759e-06,0.04847643282802227,0.6324470639228821,0.877167018210335,6
ebg,claude-3.5,claude-3-5-sonnet-20241022,svm,103387,0,2198,0,0,2.1388927237927476e-11,0.014177298240087182,0.6578474044799805,0.8906762678243338,475
ebg,claude-3.5,claude-3-5-sonnet-20241022,svm,103387,1,1524,0,0,1.4959292424514633e-11,1.4772508087608435e-05,0.6208125352859497,0.8841876175461888,205
ebg,claude-3.5,claude-3-5-sonnet-20241022,svm,103387,2,2132,0,1,0.029685452738057706,0.9693347794937065,0.6192729473114014,0.8306114736852857,171
ebg,claude-3.5,claude-3-5-sonnet-20241022,svm,103387,3,346,0,0,3.356516123562425e-15,0.42037772169392973,0.5778961181640625,0.892166237655734,180
ebg,claude-3.5,claude-3-5-sonnet-20241022,svm,103387,4,805,0,1,9.891796368667815e-06,0.0026669781412512242,0.6435703039169312,0.8475879870430822,443
ebg,claude-3.5,claude-3-5-sonnet-20241022,svm,103387,5,481,0,1,5.9459174207322305e-06,0.22203088200740062,0.611299455165863,0.8693872492965352,238
ebg,claude-3.5,claude-3-5-sonnet-20241022,svm,103387,6,832,0,0,2.210219636544192e-06,0.1978267022978356,0.6112597584724426,0.8476496157379401,90
ebg,claude-3.5,claude-3-5-sonnet-20241022,svm,103387,7,1296,0,1,0.21097432953641004,0.7716909020544809,0.6015639901161194,0.828265061585135,393
ebg,claude-3.5,claude-3-5-sonnet-20241022,svm,103387,8,898,0,0,0.00021761420363757117,1.1940336116246746,0.6429648995399475,0.8586970234360276,340
ebg,claude-3.5,claude-3-5-sonnet-20241022,svm,103387,9,1017,0,0,7.738614408528618e-06,1.048639602843215,0.5668465495109558,0.8803712351808283,274
ebg,claude-3.5,claude-3-5-sonnet-20241022,svm,103387,10,1828,0,0,8.448971505799563e-05,2.3139807351822834,0.6384968161582947,0.8653915049077335,253
ebg,claude-3.5,claude-3-5-sonnet-20241022,svm,103387,11,300,0,0,0.0020193257872239763,3.0260774433265802,0.595856785774231,0.8459180306602423,22
ebg,claude-3.5,claude-3-5-sonnet-20241022,svm,103387,12,2072,0,0,1.369962388981212e-06,1.1518747124805588,0.5788639187812805,0.8821784597177295,129
ebg,claude-3.5,claude-3-5-sonnet-20241022,svm,103387,13,1664,0,0,1.0748906727755024e-06,0.014367130296691441,0.624079167842865,0.8548208935070856,19
ebg,claude-3.5,claude-3-5-sonnet-20241022,svm,103387,14,1733,0,0,3.4999121284801093e-07,1.2524298270558194,0.5715497732162476,0.9027234029340704,247
ebg,claude-3.5,claude-3-5-sonnet-20241022,svm,103387,15,436,0,1,0.004891849858508701,0.13288586759191706,0.6309440732002258,0.8347609521631492,50
ebg,claude-3.5,claude-3-5-sonnet-20241022,svm,103387,16,2132,0,1,0.006965980433715808,0.3101517660338998,0.6703205704689026,0.8512845112055918,171
ebg,claude-3.5,claude-3-5-sonnet-20241022,svm,103387,17,691,0,0,5.7980427747930885e-06,0.05469752146224953,0.5469484329223633,0.8943497080917004,215
ebg,claude-3.5,claude-3-5-sonnet-20241022,svm,103387,18,1484,0,1,0.10958767362431708,1.7977372380912637,0.574278712272644,0.8540777527267063,80
ebg,claude-3.5,claude-3-5-sonnet-20241022,svm,103387,19,422,0,0,3.9672546344741226e-08,0.049252547292092226,0.6337197422981262,0.8691874700500093,304
ebg,claude-3.5,claude-3-5-sonnet-20241022,svm,103387,20,981,0,0,6.514804996735671e-10,0.044642338487759343,0.619867205619812,0.8761107588100991,61
ebg,claude-3.5,claude-3-5-sonnet-20241022,svm,103387,21,484,0,0,1.1536084334443242e-08,0.10315318610321314,0.6228237748146057,0.8670503093281604,371
ebg,claude-3.5,claude-3-5-sonnet-20241022,svm,103387,22,2060,0,0,1.583357588403202e-08,0.0052589934581509425,0.6011705994606018,0.8911803826827362,333
ebg,claude-3.5,claude-3-5-sonnet-20241022,svm,103387,23,1937,0,1,3.087091560852587e-07,1.4832797413639653e-05,0.5591263175010681,0.8291765771171752,242
ebg,claude-3.5,claude-3-5-sonnet-20241022,svm,103387,24,1017,0,0,1.8090858210790883e-08,0.011893042628107857,0.5526122450828552,0.9014741042394372,274
ebg,claude-3.5,claude-3-5-sonnet-20241022,svm,103387,25,1719,0,0,4.95262534317182e-07,0.9226938023592189,0.6606870889663696,0.8627833314216642,37
ebg,claude-3.5,claude-3-5-sonnet-20241022,svm,103387,26,884,0,0,1.3110157000047656e-06,0.9666203155897939,0.6021115779876709,0.890742061680489,265
ebg,claude-3.5,claude-3-5-sonnet-20241022,svm,103387,27,2311,0,0,5.642295479121308e-05,1.1350480066471473,0.6333544254302979,0.8378175248291466,269
ebg,claude-3.5,claude-3-5-sonnet-20241022,svm,103387,28,1726,0,0,0.0005042587853574099,0.5230239968263518,0.5888141989707947,0.8687756206509988,342
ebg,claude-3.5,claude-3-5-sonnet-20241022,svm,103387,29,981,0,0,1.276214755006778e-07,0.3300024625607707,0.5903739333152771,0.8651323394822983,61
ebg,claude-3.5,claude-3-5-sonnet-20241022,svm,103387,30,2036,0,1,0.04827491093660851,2.211918846423715,0.4991331994533539,0.8877015373078365,435
ebg,claude-3.5,claude-3-5-sonnet-20241022,svm,103387,31,1167,0,0,0.00022931405439492703,1.9873750243606394,0.600327730178833,0.8701647038536875,148
ebg,claude-3.5,claude-3-5-sonnet-20241022,svm,103387,32,1961,0,0,7.142737732301938e-05,2.203746160126317,0.5949533581733704,0.8689292028122141,473
ebg,claude-3.5,claude-3-5-sonnet-20241022,svm,103387,33,511,0,0,8.117253819116141e-08,0.011431249051701469,0.605487048625946,0.8337070064404184,101
ebg,claude-3.5,claude-3-5-sonnet-20241022,svm,103387,34,741,0,0,0.004392093041665902,1.065678818533178,0.5412482023239136,0.9048836292622929,367
ebg,claude-3.5,claude-3-5-sonnet-20241022,svm,103387,35,1751,0,0,1.0187338965195347e-07,0.15335666114290392,0.6136996150016785,0.9010007522320944,153
ebg,claude-3.5,claude-3-5-sonnet-20241022,svm,103387,36,446,0,0,1.3029365906600744e-08,0.1200119723350032,0.5796898603439331,0.8562703216778711,418
ebg,claude-3.5,claude-3-5-sonnet-20241022,svm,103387,37,1589,0,0,0.002327266142642446,0.4175909749769055,0.6150529384613037,0.8629703361882874,355
ebg,claude-3.5,claude-3-5-sonnet-20241022,svm,103387,38,229,0,0,4.0048144350718376e-10,0.28985494753442037,0.6364654302597046,0.85718626076258,413
ebg,claude-3.5,claude-3-5-sonnet-20241022,svm,103387,39,1937,0,1,1.4981969031974703e-09,6.507511585280207e-06,0.6502276659011841,0.8009739629821493,242
ebg,claude-3.5,claude-3-5-sonnet-20241022,svm,103387,40,2629,0,1,0.0007943161202159591,0.5732931955748616,0.6262881755828857,0.8753571513439304,400
ebg,claude-3.5,claude-3-5-sonnet-20241022,svm,103387,41,2199,0,0,9.735418866820887e-07,0.14145661571824084,0.6603251695632935,0.8559119924136648,145
ebg,claude-3.5,claude-3-5-sonnet-20241022,svm,103387,42,1876,0,0,1.0635263926507946e-05,0.906171352604498,0.6411527991294861,0.8515378991973229,433
ebg,claude-3.5,claude-3-5-sonnet-20241022,svm,103387,43,2517,0,0,1.3826413136958362e-05,0.8996208730405814,0.5566007494926453,0.8798435826405528,10
ebg,claude-3.5,claude-3-5-sonnet-20241022,svm,103387,44,2041,0,0,2.526454954800879e-05,0.45246493248874375,0.68062424659729,0.873114698257826,428
ebg,claude-3.5,claude-3-5-sonnet-20241022,svm,93187,0,814,0,0,2.630404092680318e-09,0.03290041262568445,0.6289247870445251,0.884795129745125,229
ebg,claude-3.5,claude-3-5-sonnet-20241022,svm,93187,1,1280,0,0,1.357758955935093e-07,0.7235150338433032,0.6115986704826355,0.8916372988592326,315
ebg,claude-3.5,claude-3-5-sonnet-20241022,svm,93187,2,1764,0,0,2.4341366718045374e-09,0.05154535712631117,0.5533111691474915,0.8915352126135963,298
ebg,claude-3.5,claude-3-5-sonnet-20241022,svm,93187,3,538,0,1,2.2699152295142648e-06,0.7327334472256838,0.6152732372283936,0.8992990621062394,89
ebg,claude-3.5,claude-3-5-sonnet-20241022,svm,93187,4,1764,0,0,3.0665111687994864e-11,5.724291135646966e-07,0.595435380935669,0.8686877528088228,132
ebg,claude-3.5,claude-3-5-sonnet-20241022,svm,93187,5,1670,0,1,0.0007885366318798059,0.13679519249631722,0.6219561696052551,0.8638383265782505,327
ebg,claude-3.5,claude-3-5-sonnet-20241022,svm,93187,6,1492,0,1,0.05242313448305083,2.9235586880442703,0.6434305906295776,0.8090575421452078,29
ebg,claude-3.5,claude-3-5-sonnet-20241022,svm,93187,7,2629,1,1,0.9104063645382722,0.44497912344353985,0.7246268391609192,0.7914256832544595,400
ebg,claude-3.5,claude-3-5-sonnet-20241022,svm,93187,8,545,0,0,7.644853776543687e-06,0.5556771668405838,0.5976904630661011,0.8874252134291224,223
ebg,claude-3.5,claude-3-5-sonnet-20241022,svm,93187,9,615,0,0,6.304110798715156e-07,1.0466725543112307,0.5667856335639954,0.8890473442235263,144
ebg,claude-3.5,claude-3-5-sonnet-20241022,svm,93187,10,1826,0,0,0.010320214291858084,2.290220890178598,0.7120026350021362,0.8416028029952562,364
ebg,claude-3.5,claude-3-5-sonnet-20241022,svm,93187,11,231,0,0,4.27202334593445e-10,0.0010581513526514564,0.6306937336921692,0.8277686301430682,186
ebg,claude-3.5,claude-3-5-sonnet-20241022,svm,93187,12,1601,0,0,6.717925462647491e-07,0.2507280047764753,0.5671198964118958,0.8759357844635375,185
ebg,claude-3.5,claude-3-5-sonnet-20241022,svm,93187,13,1726,0,0,0.0003315928617051396,0.6649192179098041,0.6177411079406738,0.8717380936551797,342
ebg,claude-3.5,claude-3-5-sonnet-20241022,svm,93187,14,1619,0,0,5.132035785635369e-10,0.0016354645403924481,0.5950473546981812,0.8491491359061302,236
ebg,claude-3.5,claude-3-5-sonnet-20241022,svm,93187,15,1068,0,1,0.0003493805109863135,0.1887591544894867,0.6077527403831482,0.8020938538807051,468
ebg,claude-3.5,claude-3-5-sonnet-20241022,svm,93187,16,1588,0,1,0.00010933652358980549,0.05819145286583862,0.6458309888839722,0.839887210767657,420
ebg,claude-3.5,claude-3-5-sonnet-20241022,svm,93187,17,1960,0,0,0.00011511729827722952,0.3327845503564732,0.5558198094367981,0.9042194632002951,92
ebg,claude-3.5,claude-3-5-sonnet-20241022,svm,93187,18,2629,0,1,0.06408797113651937,1.2906056394122358,0.6223494410514832,0.8225810909847896,400
ebg,claude-3.5,claude-3-5-sonnet-20241022,svm,93187,19,272,0,0,1.1299757833330102e-09,1.2260350136420157,0.5891047716140747,0.911129585925767,42
ebg,claude-3.5,claude-3-5-sonnet-20241022,svm,93187,20,578,0,0,1.8573487018706115e-06,0.3392865308757471,0.6172957420349121,0.8866826507786751,423
ebg,claude-3.5,claude-3-5-sonnet-20241022,svm,93187,21,2312,0,0,3.852391021542819e-07,0.09523565902867426,0.5865603089332581,0.8680823125164772,487
ebg,claude-3.5,claude-3-5-sonnet-20241022,svm,93187,22,449,0,0,9.087291008203172e-09,0.007008741445970412,0.5653831958770752,0.9156630939269553,245
ebg,claude-3.5,claude-3-5-sonnet-20241022,svm,93187,23,1799,0,1,0.24842016648495638,0.8760828356826792,0.6348861455917358,0.8305276327967923,199
ebg,claude-3.5,claude-3-5-sonnet-20241022,svm,93187,24,346,0,0,6.908435021146554e-10,0.742482821962687,0.5675300359725952,0.9024341209403945,180
ebg,claude-3.5,claude-3-5-sonnet-20241022,svm,93187,25,243,0,0,6.240400081183249e-08,0.015881475556625117,0.6479091644287109,0.8412162836777883,314
ebg,claude-3.5,claude-3-5-sonnet-20241022,svm,93187,26,1024,0,0,0.03851120951681221,3.2318802721342963,0.612296998500824,0.8491759149940968,69
ebg,claude-3.5,claude-3-5-sonnet-20241022,svm,93187,27,1280,0,0,0.021206589930644705,1.9886765926645713,0.6412882804870605,0.8400988596379987,315
ebg,claude-3.5,claude-3-5-sonnet-20241022,svm,93187,28,1937,0,0,4.334566203917321e-06,0.091241302288832,0.5847386121749878,0.883131047450036,366
ebg,claude-3.5,claude-3-5-sonnet-20241022,svm,93187,29,268,0,0,1.0846126302055863e-05,1.5691990337718602,0.6002934575080872,0.8475439118341588,398
ebg,claude-3.5,claude-3-5-sonnet-20241022,svm,93187,30,2472,0,0,0.004651462877710273,2.334944727514755,0.6042927503585815,0.8598614358700369,264
ebg,claude-3.5,claude-3-5-sonnet-20241022,svm,93187,31,526,0,0,9.556863848257896e-06,0.28294533333305094,0.5771535038948059,0.9033306150766987,224
ebg,claude-3.5,claude-3-5-sonnet-20241022,svm,93187,32,302,0,1,0.048406429402900124,1.2682422186813453,0.5874443054199219,0.8734968896252409,439
ebg,claude-3.5,claude-3-5-sonnet-20241022,svm,93187,33,494,0,0,6.0559569221372e-07,0.9128971712739555,0.5766298174858093,0.8743403916843345,202
ebg,claude-3.5,claude-3-5-sonnet-20241022,svm,93187,34,1061,0,0,8.022245516134754e-05,0.0499669905151003,0.5708179473876953,0.8746480778127477,282
ebg,claude-3.5,claude-3-5-sonnet-20241022,svm,93187,35,1498,0,0,5.614606832554683e-09,0.023372499193729954,0.6202082633972168,0.8967687347252515,127
ebg,claude-3.5,claude-3-5-sonnet-20241022,svm,93187,36,280,0,0,0.001568806701077762,1.6179642234104405,0.5733569264411926,0.8707112635750536,357
ebg,claude-3.5,claude-3-5-sonnet-20241022,svm,93187,37,2041,0,0,0.0037125872865791604,0.9129737920254247,0.652999758720398,0.8802714337640268,428
ebg,claude-3.5,claude-3-5-sonnet-20241022,svm,93187,38,1009,0,0,5.910578734471949e-11,6.466309277337928e-05,0.6140656471252441,0.8504473948128697,125
ebg,claude-3.5,claude-3-5-sonnet-20241022,svm,93187,39,1641,0,0,0.0044757800457896554,3.386088842784594,0.656784176826477,0.7964700472653097,445
ebg,claude-3.5,claude-3-5-sonnet-20241022,svm,93187,40,1205,0,1,0.00014352066101712112,0.68343831995359,0.5853468179702759,0.8886782480074699,438
ebg,claude-3.5,claude-3-5-sonnet-20241022,svm,93187,41,963,0,0,2.502887032938532e-07,0.047167197897544325,0.63287752866745,0.8509791370426084,334
ebg,claude-3.5,claude-3-5-sonnet-20241022,svm,93187,42,1473,0,0,3.441335216591482e-05,1.1566753003741315,0.6273982524871826,0.8735751626266656,226
ebg,claude-3.5,claude-3-5-sonnet-20241022,svm,93187,43,1380,0,0,9.127295356341554e-07,1.131166201355708,0.5678089261054993,0.8795299532693862,278
ebg,claude-3.5,claude-3-5-sonnet-20241022,svm,93187,44,1697,0,1,8.933394692152206e-07,0.0004377419068366092,0.5901315808296204,0.8685334499688877,283
ebg,claude-3.5,claude-3-5-sonnet-20241022,svm,95617,0,938,0,0,1.2764124954193884e-08,0.07096287339217135,0.6261693239212036,0.903160591376277,482
ebg,claude-3.5,claude-3-5-sonnet-20241022,svm,95617,1,1484,0,0,1.0024416937450812e-06,0.37240505637068155,0.5504803657531738,0.9191399604016385,80
ebg,claude-3.5,claude-3-5-sonnet-20241022,svm,95617,2,349,0,1,0.018767467468293234,0.5560275677747416,0.566575825214386,0.8574163738312575,392
ebg,claude-3.5,claude-3-5-sonnet-20241022,svm,95617,3,2009,0,0,6.240289952832597e-05,1.5060168192854229,0.6545330286026001,0.8438946135374706,108
ebg,claude-3.5,claude-3-5-sonnet-20241022,svm,95617,4,779,0,0,9.62225807192996e-07,0.5927953266635728,0.5986310839653015,0.8671764967893089,100
ebg,claude-3.5,claude-3-5-sonnet-20241022,svm,95617,5,1326,0,1,9.391945548779745e-06,0.04166536969980212,0.6270021200180054,0.8639999983996072,330
ebg,claude-3.5,claude-3-5-sonnet-20241022,svm,95617,6,1530,0,0,7.857889952656607e-08,0.11532911207197212,0.601355254650116,0.8984034914361001,155
ebg,claude-3.5,claude-3-5-sonnet-20241022,svm,95617,7,455,1,1,0.9482669057425992,0.2983592162488881,0.6753315925598145,0.8041989273527012,379
ebg,claude-3.5,claude-3-5-sonnet-20241022,svm,95617,8,2056,0,0,0.00031762275217613116,1.583002963734473,0.6364513039588928,0.8443384577205232,233
ebg,claude-3.5,claude-3-5-sonnet-20241022,svm,95617,9,311,0,0,7.92080289076692e-07,0.006014657511752195,0.6258294582366943,0.8592803530723889,295
ebg,claude-3.5,claude-3-5-sonnet-20241022,svm,95617,10,1444,0,0,1.1345813132582767e-05,0.08737999475290885,0.6569809913635254,0.8854217249109225,27
ebg,claude-3.5,claude-3-5-sonnet-20241022,svm,95617,11,284,0,0,2.6571495185649904e-05,2.659835509982262,0.614048957824707,0.8616811826340792,256
ebg,claude-3.5,claude-3-5-sonnet-20241022,svm,95617,12,390,0,0,2.561513939681348e-07,0.8088447854018772,0.5655601024627686,0.8750877863067462,277
ebg,claude-3.5,claude-3-5-sonnet-20241022,svm,95617,13,2296,0,0,0.00016842090033547178,0.6005623199223314,0.6901389956474304,0.8244957734726956,480
ebg,claude-3.5,claude-3-5-sonnet-20241022,svm,95617,14,545,1,1,0.9229140638783416,0.46340601431269784,0.5992839932441711,0.8580194601737792,223
ebg,claude-3.5,claude-3-5-sonnet-20241022,svm,95617,15,1826,1,1,0.9701456873681163,0.19412079368461657,0.6261423230171204,0.7998832959005345,364
ebg,claude-3.5,claude-3-5-sonnet-20241022,svm,95617,16,2629,0,0,3.465009574036067e-08,0.002142073285331792,0.6577720046043396,0.8363735199528045,400
ebg,claude-3.5,claude-3-5-sonnet-20241022,svm,95617,17,231,0,0,9.106720187066115e-06,0.2685495580397374,0.5651447772979736,0.8990933667960659,186
ebg,claude-3.5,claude-3-5-sonnet-20241022,svm,95617,18,1644,0,1,0.04999034899104689,0.628588028064498,0.5457056760787964,0.8719739999533431,313
ebg,claude-3.5,claude-3-5-sonnet-20241022,svm,95617,19,539,0,0,0.00345616435028823,4.032983489113766,0.6872036457061768,0.8529048484232075,463
ebg,claude-3.5,claude-3-5-sonnet-20241022,svm,95617,20,1542,0,0,9.22900058111628e-09,0.20156873733487612,0.5971372723579407,0.8902641169754983,243
ebg,claude-3.5,claude-3-5-sonnet-20241022,svm,95617,21,1070,0,1,1.9387547057369134e-05,0.18958331003531806,0.6455774307250977,0.8008167404961372,456
ebg,claude-3.5,claude-3-5-sonnet-20241022,svm,95617,22,924,0,0,2.8066507709503685e-07,0.10858948393898932,0.5382061004638672,0.918125,231
ebg,claude-3.5,claude-3-5-sonnet-20241022,svm,95617,23,1934,0,1,0.009096303049597495,0.6390547816249119,0.6807543635368347,0.7886844071225291,246
ebg,claude-3.5,claude-3-5-sonnet-20241022,svm,95617,24,623,0,0,0.0003656046012194624,2.6562248220044924,0.5707086324691772,0.906668946236813,474
ebg,claude-3.5,claude-3-5-sonnet-20241022,svm,95617,25,1467,0,0,1.9549464188599764e-07,0.34043859023794737,0.6579821705818176,0.8397445970258021,372
ebg,claude-3.5,claude-3-5-sonnet-20241022,svm,95617,26,230,0,1,0.0012305663371317834,1.0334437262996334,0.5582267045974731,0.894759424575965,228
ebg,claude-3.5,claude-3-5-sonnet-20241022,svm,95617,27,1067,0,0,2.4262624032146272e-05,0.1430228918487681,0.6423833966255188,0.8341782355168799,338
ebg,claude-3.5,claude-3-5-sonnet-20241022,svm,95617,28,2065,0,0,1.2995039284237133e-06,0.2084576581221758,0.5963340997695923,0.8682118282033688,270
ebg,claude-3.5,claude-3-5-sonnet-20241022,svm,95617,29,2244,0,0,8.767162257364422e-07,0.07285681014151726,0.5802049040794373,0.8708575588951349,59
ebg,claude-3.5,claude-3-5-sonnet-20241022,svm,95617,30,1644,0,1,0.0003865718072724245,0.11695113317237232,0.6798357367515564,0.8167821400025261,313
ebg,claude-3.5,claude-3-5-sonnet-20241022,svm,95617,31,709,0,0,7.552813601339345e-06,0.24388533937287465,0.5955589413642883,0.903203839232043,370
ebg,claude-3.5,claude-3-5-sonnet-20241022,svm,95617,32,1975,0,1,4.4512345313842754e-09,7.64811826511107e-06,0.6290891170501709,0.8654852017254042,301
ebg,claude-3.5,claude-3-5-sonnet-20241022,svm,95617,33,418,0,0,2.185494738063554e-06,1.2628628936011264,0.6133926510810852,0.8629138639889204,458
ebg,claude-3.5,claude-3-5-sonnet-20241022,svm,95617,34,1745,1,1,0.9994017497470562,0.008341619586658081,0.5370441675186157,0.9193577163247101,119
ebg,claude-3.5,claude-3-5-sonnet-20241022,svm,95617,35,1894,0,0,1.1098627447784822e-07,0.0011950828511377387,0.6096330285072327,0.8918107610108951,299
ebg,claude-3.5,claude-3-5-sonnet-20241022,svm,95617,36,684,0,0,2.104319614186677e-05,1.0765214400481171,0.5573621988296509,0.8551539161658729,499
ebg,claude-3.5,claude-3-5-sonnet-20241022,svm,95617,37,970,0,0,0.00027152165159595877,2.2950439546384453,0.6444878578186035,0.8637056555066752,138
ebg,claude-3.5,claude-3-5-sonnet-20241022,svm,95617,38,859,0,1,0.19253674090053183,0.8809491320074471,0.5858124494552612,0.8707888329849275,444
ebg,claude-3.5,claude-3-5-sonnet-20241022,svm,95617,39,1975,0,1,0.002232529152387878,0.9441917246667443,0.6170579195022583,0.8435889809621504,54
ebg,claude-3.5,claude-3-5-sonnet-20241022,svm,95617,40,970,0,1,0.3275403315645199,1.9644386104671927,0.6353474855422974,0.8774373205335637,138
ebg,claude-3.5,claude-3-5-sonnet-20241022,svm,95617,41,1017,0,0,0.00044217125762727877,3.5431727973909206,0.592395007610321,0.8639706353276536,274
ebg,claude-3.5,claude-3-5-sonnet-20241022,svm,95617,42,2312,0,0,1.33015236179118e-06,0.03708710779158094,0.5957515239715576,0.8933621894044901,329
ebg,claude-3.5,claude-3-5-sonnet-20241022,svm,95617,43,1601,0,0,5.678614271340561e-05,1.0910056994179658,0.609094500541687,0.8321823297533444,185
ebg,claude-3.5,claude-3-5-sonnet-20241022,svm,95617,44,324,0,0,3.554608371732547e-06,0.7362452029756276,0.5935127139091492,0.9035168863849067,477
ebg,claude-3.5,claude-3-5-sonnet-20241022,svm,101089,0,1030,0,0,5.275350540639373e-10,0.03926172141026765,0.6030420064926147,0.913818310143174,399
ebg,claude-3.5,claude-3-5-sonnet-20241022,svm,101089,1,1167,0,0,2.1728421059034792e-09,0.09797934811468126,0.5660178065299988,0.8908769982697324,148
ebg,claude-3.5,claude-3-5-sonnet-20241022,svm,101089,2,1326,0,1,0.056994793079368465,1.3780335401208152,0.6154510974884033,0.8294546602012277,330
ebg,claude-3.5,claude-3-5-sonnet-20241022,svm,101089,3,311,0,0,0.014982434812035381,3.7415160421644393,0.6199142336845398,0.8692178648776117,295
ebg,claude-3.5,claude-3-5-sonnet-20241022,svm,101089,4,1492,0,0,0.0003027455561377895,2.5062030465881495,0.6591899394989014,0.8047856222002748,29
ebg,claude-3.5,claude-3-5-sonnet-20241022,svm,101089,5,1692,0,1,1.771522667417832e-05,0.011606661817434418,0.6264266967773438,0.8731870141168894,240
ebg,claude-3.5,claude-3-5-sonnet-20241022,svm,101089,6,230,0,0,3.4836706945529773e-07,0.024792554852127283,0.5439748167991638,0.913791717498416,228
ebg,claude-3.5,claude-3-5-sonnet-20241022,svm,101089,7,1084,1,1,0.9878079241439229,0.09741072581378259,0.6975246667861938,0.8035034086488353,375
ebg,claude-3.5,claude-3-5-sonnet-20241022,svm,101089,8,2231,0,0,6.092463229262524e-06,0.18559451965920842,0.6269432306289673,0.8542204144508299,365
ebg,claude-3.5,claude-3-5-sonnet-20241022,svm,101089,9,955,0,0,1.6973957717938566e-05,0.11466453924310005,0.5821255445480347,0.8649742807011829,431
ebg,claude-3.5,claude-3-5-sonnet-20241022,svm,101089,10,500,0,0,2.290799525537928e-05,0.3625193690495102,0.6792968511581421,0.8431285943854832,485
ebg,claude-3.5,claude-3-5-sonnet-20241022,svm,101089,11,1651,0,0,1.5086714278754264e-08,0.040830587762802996,0.5870567560195923,0.8570772742559803,306
ebg,claude-3.5,claude-3-5-sonnet-20241022,svm,101089,12,1828,0,0,1.611050016235185e-06,1.0940366590398922,0.6170987486839294,0.8598409176614032,253
ebg,claude-3.5,claude-3-5-sonnet-20241022,svm,101089,13,240,0,0,4.352095337877899e-06,0.5848784600432442,0.6009151339530945,0.8898737210488212,91
ebg,claude-3.5,claude-3-5-sonnet-20241022,svm,101089,14,2585,0,0,1.760309519352473e-05,0.3933848942541864,0.5883768796920776,0.8862165856604961,197
ebg,claude-3.5,claude-3-5-sonnet-20241022,svm,101089,15,344,0,1,0.007667161730076246,0.6433064294242609,0.5792681574821472,0.8060573268259232,1
ebg,claude-3.5,claude-3-5-sonnet-20241022,svm,101089,16,1097,0,0,0.002782355066220075,0.7884515789276741,0.5812682509422302,0.8673512481816452,15
ebg,claude-3.5,claude-3-5-sonnet-20241022,svm,101089,17,1415,0,0,9.157700569406829e-06,0.6434366227692947,0.5565983057022095,0.8778906264156413,187
ebg,claude-3.5,claude-3-5-sonnet-20241022,svm,101089,18,731,0,1,0.2106396831833544,2.328331919324249,0.5750183463096619,0.8423126691792393,440
ebg,claude-3.5,claude-3-5-sonnet-20241022,svm,101089,19,781,0,0,1.3126812104553494e-09,0.332650421719025,0.582109272480011,0.9161731260084502,300
ebg,claude-3.5,claude-3-5-sonnet-20241022,svm,101089,20,1641,0,0,0.0191204155799788,2.557637715070756,0.686336100101471,0.8162761644051794,445
ebg,claude-3.5,claude-3-5-sonnet-20241022,svm,101089,21,2311,0,0,0.0001654787392774762,1.8441896271598157,0.6502819061279297,0.8455800038602587,269
ebg,claude-3.5,claude-3-5-sonnet-20241022,svm,101089,22,1543,0,0,3.1935106425113094e-11,0.0013563559580973428,0.5583627820014954,0.9158692059440418,152
ebg,claude-3.5,claude-3-5-sonnet-20241022,svm,101089,23,1441,0,0,0.05348665400327304,3.1024001232300513,0.6434035301208496,0.8214705800081705,167
ebg,claude-3.5,claude-3-5-sonnet-20241022,svm,101089,24,349,0,0,1.0345404132581282e-08,0.0029671156670188882,0.600606381893158,0.8875091394872064,392
ebg,claude-3.5,claude-3-5-sonnet-20241022,svm,101089,25,1525,0,0,8.194877380683183e-07,1.003744039218989,0.6552234888076782,0.8410437141052002,422
ebg,claude-3.5,claude-3-5-sonnet-20241022,svm,101089,26,2180,0,0,0.0567768244187572,3.550036613391927,0.5186306238174438,0.914838842549686,203
ebg,claude-3.5,claude-3-5-sonnet-20241022,svm,101089,27,1944,0,0,1.7197788161317242e-05,1.0904663024362595,0.6332210302352905,0.8533082756418343,210
ebg,claude-3.5,claude-3-5-sonnet-20241022,svm,101089,28,2235,0,0,3.073276377268938e-06,0.8978520105520748,0.6144445538520813,0.8541380557444465,113
ebg,claude-3.5,claude-3-5-sonnet-20241022,svm,101089,29,1045,0,0,3.5770936180500423e-07,1.2108378070207806,0.6097984910011292,0.8664944678225279,376
ebg,claude-3.5,claude-3-5-sonnet-20241022,svm,101089,30,1326,0,1,0.00011408152484687207,0.0110139868602426,0.66009521484375,0.8298741298626082,330
ebg,claude-3.5,claude-3-5-sonnet-20241022,svm,101089,31,2333,0,0,8.604972589841357e-06,0.8675443542165349,0.5865968465805054,0.8790766806702421,133
ebg,claude-3.5,claude-3-5-sonnet-20241022,svm,101089,32,554,0,0,0.00666503167838012,1.0476238873356576,0.5686643123626709,0.8751060056241626,449
ebg,claude-3.5,claude-3-5-sonnet-20241022,svm,101089,33,1473,0,0,5.2808684499718466e-06,1.052434409841872,0.5873864889144897,0.8441863388633826,226
ebg,claude-3.5,claude-3-5-sonnet-20241022,svm,101089,34,1254,0,0,0.002700155457248989,2.4093322928898004,0.5337268710136414,0.9164388974098113,411
ebg,claude-3.5,claude-3-5-sonnet-20241022,svm,101089,35,967,0,0,1.3158944890088253e-09,0.002014687728677751,0.652461588382721,0.8769657408522906,53
ebg,claude-3.5,claude-3-5-sonnet-20241022,svm,101089,36,1564,0,1,3.5786743244207e-05,1.4328854562660143,0.5873513221740723,0.8451189083230783,388
ebg,claude-3.5,claude-3-5-sonnet-20241022,svm,101089,37,1391,0,0,0.0021919406961949514,1.6689090326171565,0.6320728659629822,0.8724129448340117,472
ebg,claude-3.5,claude-3-5-sonnet-20241022,svm,101089,38,589,0,0,6.984011674733761e-13,0.0008073940450919387,0.5942936539649963,0.8643062108859478,195
ebg,claude-3.5,claude-3-5-sonnet-20241022,svm,101089,39,2333,0,0,9.396014172770512e-05,1.6561390754185772,0.6450292468070984,0.8563471510970078,133
ebg,claude-3.5,claude-3-5-sonnet-20241022,svm,101089,40,1441,0,1,0.2150330163226033,1.264182983148057,0.6051619648933411,0.8720570363813577,167
ebg,claude-3.5,claude-3-5-sonnet-20241022,svm,101089,41,2312,0,0,4.3483424915136966e-08,0.1177380372877716,0.5650116801261902,0.8841734515620857,487
ebg,claude-3.5,claude-3-5-sonnet-20241022,svm,101089,42,2399,0,0,8.878749718255588e-06,0.3770108542092424,0.578947901725769,0.8903841633372068,139
ebg,claude-3.5,claude-3-5-sonnet-20241022,svm,101089,43,539,0,0,0.0012104726485510891,1.1232601155565674,0.516380786895752,0.9024578016862798,463
ebg,claude-3.5,claude-3-5-sonnet-20241022,svm,101089,44,1255,0,0,0.0015775928495158076,0.9846064846227914,0.631657063961029,0.8555906968033724,122
