Corpus,Threat Model,LLM,Metric,Higher is Better,Data Points,Mean Value,Slope,Slope HDI Lower,Slope HDI Upper,P(Improvement),Effect per 1000 words,Effect (500â†’2500),In ROPE,Conclusion
EBG,LOGREG,Gemma-2,accuracy@1,False,15,0.011852385185185187,0.02323478602450094,-0.3471233119583812,0.4249546358274805,0.45325,0.02323478602450094,0.04646957204900188,0.020875,Inconclusive
EBG,LOGREG,Gemma-2,accuracy@5,False,15,0.1111111111111111,0.003957454248189576,-0.2734921675214509,0.2740479274316704,0.4875,0.003957454248189576,0.007914908496379151,0.02675,Inconclusive
EBG,LOGREG,Gemma-2,true_class_confidence,False,15,0.01442051832176594,0.029078775935288834,-0.33800561489224923,0.39767765958661105,0.44475,0.029078775935288834,0.05815755187057767,0.02325,Inconclusive
EBG,LOGREG,Gemma-2,entropy,True,15,0.7776831666108028,-0.10247448894452661,-0.3414902323777686,0.1602808774752688,0.223,-0.5627748394047996,-1.125549678809599,0.02225,Inconclusive
EBG,LOGREG,Gemma-2,bertscore,True,15,0.47996541460355124,0.014700725373644224,-0.18428458404868184,0.21437966340236855,0.55925,0.014700725373644224,0.02940145074728845,0.037375,Inconclusive
EBG,LOGREG,Gemma-2,pinc,True,15,0.9331951258856336,-0.01268382209991552,-0.30534707261890814,0.2374442213477557,0.46125,-0.01268382209991552,-0.02536764419983104,0.024875,Inconclusive
EBG,LOGREG,Llama-3.1,accuracy@1,False,15,0.029629696296296297,0.054012238664445024,-0.2928849901853421,0.4225493185129511,0.394875,0.054012238664445024,0.10802447732889005,0.019125,Inconclusive
EBG,LOGREG,Llama-3.1,accuracy@5,False,15,0.10814814814814812,0.04956798063335691,-0.20421319249628028,0.3197067053261521,0.35625,0.04956798063335691,0.09913596126671383,0.023875,Inconclusive
EBG,LOGREG,Llama-3.1,true_class_confidence,False,15,0.02813667404409797,0.02091614932496306,-0.3109700293961028,0.34849791161193716,0.448625,0.02091614932496306,0.04183229864992612,0.0205,Inconclusive
EBG,LOGREG,Llama-3.1,entropy,True,15,2.1677809426245793,0.30882907292497674,0.09698767515506412,0.5238740590927349,0.99275,1.6960439003796564,3.3920878007593127,0.00125,Significant Improvement with Longer Exemplars
EBG,LOGREG,Llama-3.1,bertscore,True,15,0.49502960244814553,0.00725655314490406,-0.18823677075541018,0.20385467756291925,0.522,0.00725655314490406,0.01451310628980812,0.033125,Inconclusive
EBG,LOGREG,Llama-3.1,pinc,True,15,0.9327564306390704,0.01232482506414358,-0.25399472430098435,0.2935446730715597,0.52875,0.01232482506414358,0.02464965012828716,0.030125,Inconclusive
EBG,LOGREG,Ministral,accuracy@1,False,15,0.014815348148148149,0.030352141996626038,-0.3496190493531207,0.4202144767140539,0.43925,0.030352141996626038,0.060704283993252076,0.01975,Inconclusive
EBG,LOGREG,Ministral,accuracy@5,False,15,0.09629629629629628,-0.06074855451750814,-0.333583857823297,0.2135208344208427,0.661875,-0.06074855451750814,-0.12149710903501627,0.0235,Inconclusive
EBG,LOGREG,Ministral,true_class_confidence,False,15,0.015220471378725434,-0.009178478469975672,-0.35938928439484763,0.35003621513909183,0.520625,-0.009178478469975672,-0.018356956939951343,0.020875,Inconclusive
EBG,LOGREG,Ministral,entropy,True,15,2.20439691524348,-0.07249094508179296,-0.2688955996916092,0.13743944081643159,0.25025,-0.3981096212033091,-0.7962192424066182,0.028125,Inconclusive
EBG,LOGREG,Ministral,bertscore,True,14,0.4897625148296356,0.0025021068531945988,-0.20717300007345643,0.22530473950561714,0.5055,0.0025021068531945988,0.0050042137063891975,0.035,Inconclusive
EBG,LOGREG,Ministral,pinc,True,15,0.9305872393765124,-0.00855362865303116,-0.2863615347481882,0.25710840824945735,0.4725,-0.00855362865303116,-0.01710725730606232,0.028375,Inconclusive
EBG,LOGREG,Claude-3.5,accuracy@1,False,15,0.028148214814814814,0.09217601509481557,-0.26807278027522774,0.45061866035779585,0.312375,0.09217601509481557,0.18435203018963114,0.021625,Inconclusive
EBG,LOGREG,Claude-3.5,accuracy@5,False,15,0.20296296296296296,0.055850653026601034,-0.19115676686578337,0.28762555391665995,0.322875,0.055850653026601034,0.11170130605320207,0.0245,Inconclusive
EBG,LOGREG,Claude-3.5,true_class_confidence,False,15,0.032058538501261565,0.0025923308735028446,-0.32417098944435285,0.3212339556304984,0.497,0.0025923308735028446,0.005184661747005689,0.02425,Inconclusive
EBG,LOGREG,Claude-3.5,entropy,True,15,0.6698393667340166,0.06657921052787152,-0.1961423023540842,0.31417737565932913,0.697875,0.3656432434886765,0.731286486977353,0.026375,Inconclusive
EBG,LOGREG,Claude-3.5,bertscore,True,15,0.6063540498415629,0.026457640561425563,-0.18984427980860563,0.2207435453648599,0.594,0.026457640561425563,0.05291528112285113,0.033375,Inconclusive
EBG,LOGREG,Claude-3.5,pinc,True,15,0.8619055008208668,-0.011627057187846474,-0.26430801566442114,0.23526949239726708,0.45925,-0.011627057187846474,-0.02325411437569295,0.02875,Inconclusive
EBG,LOGREG,Gpt-4O,accuracy@1,False,15,0.19555555555555554,0.4287627861182433,0.18335288069736838,0.6936495342274767,0.0025,0.4287627861182433,0.8575255722364866,0.000125,Significant Improvement with Longer Exemplars
EBG,LOGREG,Gpt-4O,accuracy@5,False,15,0.4918518518518518,0.34580004057460345,0.1317704402931104,0.5575810617549224,0.002875,0.34580004057460345,0.6916000811492069,0.000625,Significant Improvement with Longer Exemplars
EBG,LOGREG,Gpt-4O,true_class_confidence,False,15,0.16678378165128746,0.29556549987921804,0.03983674675289321,0.528355047594496,0.01475,0.29556549987921804,0.5911309997584361,0.003125,Significant Improvement with Longer Exemplars
EBG,LOGREG,Gpt-4O,entropy,True,15,2.0642710443817838,0.20003563999993493,-0.005096454589494384,0.4116332978150577,0.963375,1.0985663489099309,2.1971326978198618,0.007125,Significant Improvement with Longer Exemplars
EBG,LOGREG,Gpt-4O,bertscore,True,15,0.7935412009557088,0.10002263991250843,-0.12625268156551123,0.344952245849917,0.79325,0.10002263991250843,0.20004527982501685,0.02125,Inconclusive
EBG,LOGREG,Gpt-4O,pinc,True,15,0.658410261422894,-0.1291250497812508,-0.34196853428765356,0.07433039244728462,0.117375,-0.1291250497812508,-0.2582500995625016,0.0155,Inconclusive
EBG,SVM,Gemma-2,accuracy@1,False,15,0.013333800000000002,0.036729440005819416,-0.3186683163504474,0.437542184351863,0.4265,0.036729440005819416,0.07345888001163883,0.02025,Inconclusive
EBG,SVM,Gemma-2,accuracy@5,False,15,0.1037037037037037,-0.014972709952557818,-0.2640501981811772,0.25214807811099804,0.5405,-0.014972709952557818,-0.029945419905115636,0.028125,Inconclusive
EBG,SVM,Gemma-2,true_class_confidence,False,15,0.018695350795185497,0.026864418180747435,-0.31887650915549354,0.3790025235396227,0.44175,0.026864418180747435,0.05372883636149487,0.02075,Inconclusive
EBG,SVM,Gemma-2,entropy,True,15,1.7619638727576006,0.07545125727454706,-0.13996818116573395,0.2818427607672134,0.75525,0.4143672208851882,0.8287344417703764,0.026,Inconclusive
EBG,SVM,Gemma-2,bertscore,True,15,0.47996541460355124,0.014700725373644224,-0.18428458404868184,0.21437966340236855,0.55925,0.014700725373644224,0.02940145074728845,0.037375,Inconclusive
EBG,SVM,Gemma-2,pinc,True,15,0.9331951258856336,-0.01268382209991552,-0.30534707261890814,0.2374442213477557,0.46125,-0.01268382209991552,-0.02536764419983104,0.024875,Inconclusive
EBG,SVM,Llama-3.1,accuracy@1,False,15,0.020740940740740732,-0.2438310607811105,-0.6016399103894484,0.1349906845687412,0.89375,-0.2438310607811105,-0.487662121562221,0.009875,Inconclusive
EBG,SVM,Llama-3.1,accuracy@5,False,15,0.1288888888888889,0.0813230162122037,-0.1792608492816402,0.33304623787858406,0.2725,0.0813230162122037,0.1626460324244074,0.023875,Inconclusive
EBG,SVM,Llama-3.1,true_class_confidence,False,15,0.028232311535386898,-0.011585062345888712,-0.32888210329621176,0.2978978691963756,0.53025,-0.011585062345888712,-0.023170124691777424,0.025125,Inconclusive
EBG,SVM,Llama-3.1,entropy,True,15,3.8956387505291925,0.31117890184779334,0.049871822060907095,0.5754978218942017,0.98575,1.708948815625272,3.417897631250544,0.002625,Significant Improvement with Longer Exemplars
EBG,SVM,Llama-3.1,bertscore,True,15,0.49502960244814553,0.00725655314490406,-0.18823677075541018,0.20385467756291925,0.522,0.00725655314490406,0.01451310628980812,0.033125,Inconclusive
EBG,SVM,Llama-3.1,pinc,True,15,0.9327564306390704,0.01232482506414358,-0.25399472430098435,0.2935446730715597,0.52875,0.01232482506414358,0.02464965012828716,0.030125,Inconclusive
EBG,SVM,Ministral,accuracy@1,False,15,0.03407414074074074,0.06454051030636837,-0.29807164955052784,0.42400276436291784,0.37275,0.06454051030636837,0.12908102061273674,0.014375,Inconclusive
EBG,SVM,Ministral,accuracy@5,False,15,0.11259259259259258,0.014929968844589117,-0.2417361642487441,0.284200557969411,0.463375,0.014929968844589117,0.029859937689178235,0.02875,Inconclusive
EBG,SVM,Ministral,true_class_confidence,False,15,0.023620090421848938,0.00021461402833697707,-0.3398495128919713,0.3221994907883711,0.497875,0.00021461402833697707,0.00042922805667395414,0.022375,Inconclusive
EBG,SVM,Ministral,entropy,True,15,3.896765756171224,-0.09096890294984653,-0.2942974402519476,0.13283249013224097,0.211875,-0.4995878513348283,-0.9991757026696566,0.025375,Inconclusive
EBG,SVM,Ministral,bertscore,True,15,0.4896141529083252,0.0008743561144524601,-0.19254172821500304,0.19744547201423687,0.503375,0.0008743561144524601,0.0017487122289049201,0.039,Inconclusive
EBG,SVM,Ministral,pinc,True,15,0.9305872393765124,-0.00855362865303116,-0.2863615347481882,0.25710840824945735,0.4725,-0.00855362865303116,-0.01710725730606232,0.028375,Inconclusive
EBG,SVM,Claude-3.5,accuracy@1,False,15,0.023703770370370365,0.08869690241936927,-0.263844307784199,0.44291607638857267,0.31425,0.08869690241936927,0.17739380483873854,0.02025,Inconclusive
EBG,SVM,Claude-3.5,accuracy@5,False,15,0.1437037037037037,0.06842969650378214,-0.17523827608910314,0.3171432314094855,0.3015,0.06842969650378214,0.13685939300756428,0.027375,Inconclusive
EBG,SVM,Claude-3.5,true_class_confidence,False,15,0.03014747295238398,0.024980455193191205,-0.2994778305623031,0.349078745523406,0.4435,0.024980455193191205,0.04996091038638241,0.023625,Inconclusive
EBG,SVM,Claude-3.5,entropy,True,15,1.6607161189920314,0.060399518427862765,-0.16452310722142247,0.28639935641835185,0.692375,0.3317052822948794,0.6634105645897588,0.02925,Inconclusive
EBG,SVM,Claude-3.5,bertscore,True,15,0.6063540498415629,0.026457640561425563,-0.18984427980860563,0.2207435453648599,0.594,0.026457640561425563,0.05291528112285113,0.033375,Inconclusive
EBG,SVM,Claude-3.5,pinc,True,15,0.8619055008208668,-0.011627057187846474,-0.26430801566442114,0.23526949239726708,0.45925,-0.011627057187846474,-0.02325411437569295,0.02875,Inconclusive
EBG,SVM,Gpt-4O,accuracy@1,False,15,0.21185185185185185,0.46799766332262566,0.1945290625364068,0.722205086663414,0.001375,0.46799766332262566,0.9359953266452513,0.000375,Significant Improvement with Longer Exemplars
EBG,SVM,Gpt-4O,accuracy@5,False,15,0.5125925925925926,0.4486407408554109,0.22187300707445995,0.6617357703929054,0.000875,0.4486407408554109,0.8972814817108218,0.000125,Significant Improvement with Longer Exemplars
EBG,SVM,Gpt-4O,true_class_confidence,False,15,0.0994199407879691,0.14849536980750888,-0.12083619181875367,0.39637796593282926,0.13475,0.14849536980750888,0.29699073961501776,0.016,Inconclusive
EBG,SVM,Gpt-4O,entropy,True,15,3.790352020216583,0.29005588103113794,0.0720031503628695,0.509214761095948,0.992625,1.5929442883494866,3.1858885766989733,0.002,Significant Improvement with Longer Exemplars
EBG,SVM,Gpt-4O,bertscore,True,15,0.7935412009557088,0.10002263991250843,-0.12625268156551123,0.344952245849917,0.79325,0.10002263991250843,0.20004527982501685,0.02125,Inconclusive
EBG,SVM,Gpt-4O,pinc,True,15,0.658410261422894,-0.1291250497812508,-0.34196853428765356,0.07433039244728462,0.117375,-0.1291250497812508,-0.2582500995625016,0.0155,Inconclusive
EBG,ROBERTA,Gemma-2,accuracy@1,False,15,0.007408140740740741,-0.03777698281487748,-0.42560836711687117,0.3362248943164087,0.576625,-0.03777698281487748,-0.07555396562975496,0.020625,Inconclusive
EBG,ROBERTA,Gemma-2,accuracy@5,False,15,0.08296296296296296,-0.17467507166449575,-0.4541554219056488,0.09469795479168742,0.8825,-0.17467507166449575,-0.3493501433289915,0.01425,Inconclusive
EBG,ROBERTA,Gemma-2,true_class_confidence,False,15,0.010419011876607934,-0.03150458483744058,-0.3879546680146414,0.32608542539940355,0.562125,-0.03150458483744058,-0.06300916967488115,0.0225,Inconclusive
EBG,ROBERTA,Gemma-2,entropy,True,15,2.618360249201457,-0.24862693345319253,-0.485124716456068,-0.028579848401877418,0.02225,-1.3654225943158673,-2.7308451886317346,0.004125,Significant Deterioration with Longer Exemplars
EBG,ROBERTA,Gemma-2,bertscore,True,15,0.47996541460355124,0.014700725373644224,-0.18428458404868184,0.21437966340236855,0.55925,0.014700725373644224,0.02940145074728845,0.037375,Inconclusive
EBG,ROBERTA,Gemma-2,pinc,True,15,0.9331951258856336,-0.01268382209991552,-0.30534707261890814,0.2374442213477557,0.46125,-0.01268382209991552,-0.02536764419983104,0.024875,Inconclusive
EBG,ROBERTA,Llama-3.1,accuracy@1,False,15,1.0000000000000002e-06,-0.00016650579523075655,-0.3997366590050758,0.3776108653563534,0.499,-0.00016650579523075655,-0.0003330115904615131,0.01825,Inconclusive
EBG,ROBERTA,Llama-3.1,accuracy@5,False,15,0.09037037037037036,0.11583278866265581,-0.14162250584878994,0.3966464139460151,0.20825,0.11583278866265581,0.23166557732531162,0.022125,Inconclusive
EBG,ROBERTA,Llama-3.1,true_class_confidence,False,15,0.003626687095190088,0.014615067692828736,-0.38871812923725213,0.3620292909763254,0.463375,0.014615067692828736,0.029230135385657472,0.018375,Inconclusive
EBG,ROBERTA,Llama-3.1,entropy,True,15,1.3663803180058798,0.0037071200258137534,-0.20815467113465647,0.22844048183962462,0.515625,0.020358958592231007,0.040717917184462014,0.0375,Inconclusive
EBG,ROBERTA,Llama-3.1,bertscore,True,15,0.49502960244814553,0.00725655314490406,-0.18823677075541018,0.20385467756291925,0.522,0.00725655314490406,0.01451310628980812,0.033125,Inconclusive
EBG,ROBERTA,Llama-3.1,pinc,True,15,0.9327564306390704,0.01232482506414358,-0.25399472430098435,0.2935446730715597,0.52875,0.01232482506414358,0.02464965012828716,0.030125,Inconclusive
EBG,ROBERTA,Ministral,accuracy@1,False,15,0.0014824148148148153,-0.019861291198153493,-0.39435092446935005,0.3547673258310713,0.54,-0.019861291198153493,-0.03972258239630699,0.01825,Inconclusive
EBG,ROBERTA,Ministral,accuracy@5,False,15,0.1096296296296296,-0.01666904190965243,-0.27603836233014545,0.24905923414702888,0.546375,-0.01666904190965243,-0.03333808381930486,0.026,Inconclusive
EBG,ROBERTA,Ministral,true_class_confidence,False,15,0.0052769867237657305,0.010983583819111442,-0.34790114228118985,0.3817672740619273,0.477875,0.010983583819111442,0.021967167638222884,0.0205,Inconclusive
EBG,ROBERTA,Ministral,entropy,True,15,1.5014739751815795,0.005263960881150755,-0.22301348270217453,0.21286930289328643,0.51975,0.028908899864106056,0.05781779972821211,0.0335,Inconclusive
EBG,ROBERTA,Ministral,bertscore,True,15,0.4896141529083252,0.0008743561144524601,-0.19254172821500304,0.19744547201423687,0.503375,0.0008743561144524601,0.0017487122289049201,0.039,Inconclusive
EBG,ROBERTA,Ministral,pinc,True,15,0.9305872393765124,-0.00855362865303116,-0.2863615347481882,0.25710840824945735,0.4725,-0.00855362865303116,-0.01710725730606232,0.028375,Inconclusive
EBG,ROBERTA,Claude-3.5,accuracy@1,False,15,0.2785185185185185,-0.003986276650466369,-0.2256898447788147,0.2127456606952781,0.509125,-0.003986276650466369,-0.007972553300932737,0.038875,Inconclusive
EBG,ROBERTA,Claude-3.5,accuracy@5,False,15,0.5525925925925925,0.04355636279144979,-0.16772061520207124,0.2454134442201385,0.337125,0.04355636279144979,0.08711272558289958,0.03525,Inconclusive
EBG,ROBERTA,Claude-3.5,true_class_confidence,False,15,0.23321426014105479,0.026632580441363223,-0.2023240359008892,0.24450642780014112,0.404375,0.026632580441363223,0.053265160882726446,0.0315,Inconclusive
EBG,ROBERTA,Claude-3.5,entropy,True,15,2.091451954841614,0.04170456510230227,-0.15047235588945784,0.25001114665458546,0.65575,0.22903534498816122,0.45807068997632244,0.02825,Inconclusive
EBG,ROBERTA,Claude-3.5,bertscore,True,15,0.6063540498415629,0.026457640561425563,-0.18984427980860563,0.2207435453648599,0.594,0.026457640561425563,0.05291528112285113,0.033375,Inconclusive
EBG,ROBERTA,Claude-3.5,pinc,True,15,0.8619055008208668,-0.011627057187846474,-0.26430801566442114,0.23526949239726708,0.45925,-0.011627057187846474,-0.02325411437569295,0.02875,Inconclusive
EBG,ROBERTA,Gpt-4O,accuracy@1,False,15,0.5599999999999999,0.02488812926635177,-0.17782466653929044,0.23021190076225284,0.41625,0.02488812926635177,0.04977625853270354,0.037125,Inconclusive
EBG,ROBERTA,Gpt-4O,accuracy@5,False,15,0.7525925925925925,0.0011162165853600098,-0.22875500620875797,0.20881323513679617,0.497875,0.0011162165853600098,0.0022324331707200195,0.033,Inconclusive
EBG,ROBERTA,Gpt-4O,true_class_confidence,False,15,0.5126437644163767,0.07682527933958168,-0.11794610078003348,0.29066376643181113,0.2315,0.07682527933958168,0.15365055867916336,0.027625,Inconclusive
EBG,ROBERTA,Gpt-4O,entropy,True,15,1.6310096025466918,-0.10507350701543051,-0.3160880654046931,0.11134469509813424,0.175,-0.5770482648449099,-1.1540965296898198,0.02175,Inconclusive
EBG,ROBERTA,Gpt-4O,bertscore,True,15,0.7935412009557088,0.10002263991250843,-0.12625268156551123,0.344952245849917,0.79325,0.10002263991250843,0.20004527982501685,0.02125,Inconclusive
EBG,ROBERTA,Gpt-4O,pinc,True,15,0.658410261422894,-0.1291250497812508,-0.34196853428765356,0.07433039244728462,0.117375,-0.1291250497812508,-0.2582500995625016,0.0155,Inconclusive
RJ,LOGREG,Gemma-2,accuracy@1,False,15,0.041270107936507934,0.023692370625788262,-0.346926499606037,0.39955914824850874,0.453625,0.023692370625788262,0.047384741251576525,0.021625,Inconclusive
RJ,LOGREG,Gemma-2,accuracy@5,False,15,0.21904761904761905,0.08537239774372511,-0.17274852726512935,0.3178407852694379,0.256375,0.08537239774372511,0.17074479548745022,0.023,Inconclusive
RJ,LOGREG,Gemma-2,true_class_confidence,False,15,0.04035432380902112,0.046175464025109456,-0.30820175838772756,0.3749621612044102,0.4045,0.046175464025109456,0.09235092805021891,0.020875,Inconclusive
RJ,LOGREG,Gemma-2,entropy,True,15,0.7112376747919673,-0.08686672637526012,-0.3344077976153932,0.14999808574010903,0.24675,-0.3815462357178103,-0.7630924714356206,0.02525,Inconclusive
RJ,LOGREG,Gemma-2,bertscore,True,14,0.5414860461439405,-0.002413333169225456,-0.21288055591950605,0.21556330201654963,0.48725,-0.002413333169225456,-0.004826666338450912,0.03675,Inconclusive
RJ,LOGREG,Gemma-2,pinc,True,15,0.9109200245077799,-0.00859273572088354,-0.28845082181089693,0.2568571379630552,0.46925,-0.00859273572088354,-0.01718547144176708,0.028875,Inconclusive
RJ,LOGREG,Llama-3.1,accuracy@1,False,15,0.06984126984126986,-0.07100583348554527,-0.35570189608767255,0.2055243303258782,0.678625,-0.07100583348554527,-0.14201166697109055,0.026375,Inconclusive
RJ,LOGREG,Llama-3.1,accuracy@5,False,15,0.26031746031746034,-0.11849312631771741,-0.36673383628274003,0.12028078153646106,0.821625,-0.11849312631771741,-0.23698625263543482,0.020125,Inconclusive
RJ,LOGREG,Llama-3.1,true_class_confidence,False,15,0.06542540208549429,-0.025286566108858915,-0.3097799000021825,0.25110764047816786,0.565375,-0.025286566108858915,-0.05057313221771783,0.03,Inconclusive
RJ,LOGREG,Llama-3.1,entropy,True,15,0.9667230498472806,0.020593482535359718,-0.20469339656851107,0.25288127230946195,0.566625,0.09045311213575062,0.18090622427150124,0.029375,Inconclusive
RJ,LOGREG,Llama-3.1,bertscore,True,15,0.5480610728263855,0.00011552225256212622,-0.19914370127983927,0.19878617996632153,0.504,0.00011552225256212622,0.00023104450512425245,0.0365,Inconclusive
RJ,LOGREG,Llama-3.1,pinc,True,15,0.9159354818649973,0.010701680227876409,-0.2511629962938644,0.2685987918248805,0.527875,0.010701680227876409,0.021403360455752817,0.029125,Inconclusive
RJ,LOGREG,Ministral,accuracy@1,False,15,0.03174649841269841,0.14067706005195618,-0.2307045973991608,0.5438603123080955,0.2445,0.14067706005195618,0.28135412010391236,0.015,Inconclusive
RJ,LOGREG,Ministral,accuracy@5,False,15,0.22857142857142854,0.02053509674579574,-0.22465364185466116,0.2747572733692905,0.43775,0.02053509674579574,0.04107019349159148,0.0295,Inconclusive
RJ,LOGREG,Ministral,true_class_confidence,False,15,0.03410493870973057,0.15030576858731062,-0.21362063982195462,0.5098665637378605,0.21775,0.15030576858731062,0.30061153717462125,0.015375,Inconclusive
RJ,LOGREG,Ministral,entropy,True,15,0.715711077779636,0.0014920923791846468,-0.2647396284597235,0.23519721723781709,0.5065,0.006553743353488137,0.013107486706976274,0.03025,Inconclusive
RJ,LOGREG,Ministral,bertscore,True,15,0.5463387767473856,0.004925587280704872,-0.1929522287635817,0.2073966314541227,0.511875,0.004925587280704872,0.009851174561409744,0.038625,Inconclusive
RJ,LOGREG,Ministral,pinc,True,15,0.9044748575090817,-0.002190480140178872,-0.2661819441484765,0.2644243648399588,0.489375,-0.002190480140178872,-0.004380960280357744,0.0315,Inconclusive
RJ,LOGREG,Claude-3.5,accuracy@1,False,15,0.0476193142857143,-0.05070222742013462,-0.42346757025321613,0.31146069986374586,0.605125,-0.05070222742013462,-0.10140445484026923,0.01975,Inconclusive
RJ,LOGREG,Claude-3.5,accuracy@5,False,15,0.28253968253968254,0.001301703855195985,-0.2191606911812823,0.22529611855410087,0.496375,0.001301703855195985,0.00260340771039197,0.036875,Inconclusive
RJ,LOGREG,Claude-3.5,true_class_confidence,False,15,0.04599194191529552,-0.07450159465103105,-0.414788946351663,0.2607324135161675,0.654375,-0.07450159465103105,-0.1490031893020621,0.01975,Inconclusive
RJ,LOGREG,Claude-3.5,entropy,True,15,0.47023586646970367,0.033217434278674234,-0.2175358151016617,0.2870019071663337,0.605875,0.14590151532222928,0.29180303064445856,0.0305,Inconclusive
RJ,LOGREG,Claude-3.5,bertscore,True,15,0.647423263390859,0.05025653140397922,-0.1552839986108232,0.257991152155998,0.68075,0.05025653140397922,0.10051306280795844,0.028125,Inconclusive
RJ,LOGREG,Claude-3.5,pinc,True,15,0.8334737173993098,0.0022497772503564306,-0.245740427024496,0.22819439578333298,0.501625,0.0022497772503564306,0.004499554500712861,0.032,Inconclusive
RJ,LOGREG,Gpt-4O,accuracy@1,False,15,0.08888895555555555,0.1774774496133278,-0.16917359083011688,0.5314082110459849,0.173,0.1774774496133278,0.3549548992266556,0.013125,Inconclusive
RJ,LOGREG,Gpt-4O,accuracy@5,False,15,0.3587301587301587,0.04811498639343157,-0.17845507410589534,0.2596686266225671,0.3375,0.04811498639343157,0.09622997278686314,0.034875,Inconclusive
RJ,LOGREG,Gpt-4O,true_class_confidence,False,15,0.08485761196496043,0.046345139096347694,-0.24595068045049412,0.3153703250521285,0.375375,0.046345139096347694,0.09269027819269539,0.023625,Inconclusive
RJ,LOGREG,Gpt-4O,entropy,True,15,0.990170720426636,-0.02598808313699331,-0.25087752626416204,0.2142558870001121,0.4125,-0.11414791034723863,-0.22829582069447726,0.03075,Inconclusive
RJ,LOGREG,Gpt-4O,bertscore,True,15,0.7895092328389486,0.0042530338216673555,-0.21737528154609834,0.22915779486371046,0.51225,0.0042530338216673555,0.008506067643334711,0.032625,Inconclusive
RJ,LOGREG,Gpt-4O,pinc,True,15,0.7194514456710184,-0.003174067789477446,-0.23133086512512516,0.22611105759282207,0.49075,-0.003174067789477446,-0.006348135578954892,0.033625,Inconclusive
RJ,SVM,Gemma-2,accuracy@1,False,15,0.05079385079365079,0.15997853653259664,-0.20999344019311336,0.552972588506005,0.215625,0.15997853653259664,0.3199570730651933,0.013875,Inconclusive
RJ,SVM,Gemma-2,accuracy@5,False,15,0.20634920634920634,0.12071552312426093,-0.15013655094079298,0.3793500115734624,0.192875,0.12071552312426093,0.24143104624852185,0.019,Inconclusive
RJ,SVM,Gemma-2,true_class_confidence,False,15,0.04932893128367644,0.08234754447551543,-0.21874173461791377,0.3701524169016583,0.297625,0.08234754447551543,0.16469508895103085,0.019125,Inconclusive
RJ,SVM,Gemma-2,entropy,True,15,3.0909471079209894,-0.12118003913953895,-0.35111802839527934,0.11452372776519021,0.1635,-0.532261197205609,-1.064522394411218,0.020125,Inconclusive
RJ,SVM,Gemma-2,bertscore,True,14,0.5414860461439405,-0.002413333169225456,-0.21288055591950605,0.21556330201654963,0.48725,-0.002413333169225456,-0.004826666338450912,0.03675,Inconclusive
RJ,SVM,Gemma-2,pinc,True,15,0.9109200245077799,-0.00859273572088354,-0.28845082181089693,0.2568571379630552,0.46925,-0.00859273572088354,-0.01718547144176708,0.028875,Inconclusive
RJ,SVM,Llama-3.1,accuracy@1,False,15,0.03809577142857142,-0.01551116095905459,-0.3983169564034062,0.3548708919301376,0.526875,-0.01551116095905459,-0.03102232191810918,0.02,Inconclusive
RJ,SVM,Llama-3.1,accuracy@5,False,15,0.20952380952380953,-0.022800657032467534,-0.2623745637359745,0.22293188169658204,0.571375,-0.022800657032467534,-0.04560131406493507,0.02775,Inconclusive
RJ,SVM,Llama-3.1,true_class_confidence,False,15,0.045947510041228316,-0.003849444670058797,-0.30292103645380686,0.26976668542068,0.500125,-0.003849444670058797,-0.007698889340117594,0.02775,Inconclusive
RJ,SVM,Llama-3.1,entropy,True,15,3.6508831005218867,0.15806143793316862,-0.08797602877270673,0.4030602916426733,0.882375,0.6942560077033203,1.3885120154066406,0.014125,Inconclusive
RJ,SVM,Llama-3.1,bertscore,True,15,0.5480610728263855,0.00011552225256212622,-0.19914370127983927,0.19878617996632153,0.504,0.00011552225256212622,0.00023104450512425245,0.0365,Inconclusive
RJ,SVM,Llama-3.1,pinc,True,15,0.9159354818649973,0.010701680227876409,-0.2511629962938644,0.2685987918248805,0.527875,0.010701680227876409,0.021403360455752817,0.029125,Inconclusive
RJ,SVM,Ministral,accuracy@1,False,15,0.03492090158730158,-0.014926203772299569,-0.39249346784552247,0.3625719419352401,0.5315,-0.014926203772299569,-0.029852407544599138,0.020875,Inconclusive
RJ,SVM,Ministral,accuracy@5,False,15,0.20000000000000004,-0.10942734497216491,-0.36894768971745734,0.1320997739623043,0.802125,-0.10942734497216491,-0.21885468994432983,0.023625,Inconclusive
RJ,SVM,Ministral,true_class_confidence,False,15,0.03860282393725402,-0.025483828153967165,-0.33079536176182694,0.27312874459441605,0.56,-0.025483828153967165,-0.05096765630793433,0.024375,Inconclusive
RJ,SVM,Ministral,entropy,True,15,3.2410363836639546,-0.027772751692282358,-0.2471855693096405,0.20806399311118268,0.407,-0.12198674113652011,-0.24397348227304022,0.02925,Inconclusive
RJ,SVM,Ministral,bertscore,True,15,0.5463387767473856,0.004925587280704872,-0.1929522287635817,0.2073966314541227,0.511875,0.004925587280704872,0.009851174561409744,0.038625,Inconclusive
RJ,SVM,Ministral,pinc,True,15,0.9044748575090817,-0.002190480140178872,-0.2661819441484765,0.2644243648399588,0.489375,-0.002190480140178872,-0.004380960280357744,0.0315,Inconclusive
RJ,SVM,Claude-3.5,accuracy@1,False,15,0.0761904761904762,-0.14323251488511346,-0.43746077694894214,0.13854766808075603,0.833625,-0.14323251488511346,-0.2864650297702269,0.017,Inconclusive
RJ,SVM,Claude-3.5,accuracy@5,False,15,0.2476190476190476,0.1810296380322554,-0.054282255423486324,0.4167443159331443,0.073875,0.1810296380322554,0.3620592760645108,0.011875,Inconclusive
RJ,SVM,Claude-3.5,true_class_confidence,False,15,0.058889088274489784,-0.11597227442359512,-0.4092059419036174,0.16999181339325192,0.779625,-0.11597227442359512,-0.23194454884719024,0.020875,Inconclusive
RJ,SVM,Claude-3.5,entropy,True,15,2.7172191782829627,0.18243212962150052,-0.020631795787226098,0.3912631176930113,0.9505,0.80129982141115,1.6025996428223,0.008375,Significant Improvement with Longer Exemplars
RJ,SVM,Claude-3.5,bertscore,True,15,0.647423263390859,0.05025653140397922,-0.1552839986108232,0.257991152155998,0.68075,0.05025653140397922,0.10051306280795844,0.028125,Inconclusive
RJ,SVM,Claude-3.5,pinc,True,15,0.8334737173993098,0.0022497772503564306,-0.245740427024496,0.22819439578333298,0.501625,0.0022497772503564306,0.004499554500712861,0.032,Inconclusive
RJ,SVM,Gpt-4O,accuracy@1,False,15,0.06666673333333334,-0.2074288550093595,-0.5480045775966775,0.13917441591484248,0.87225,-0.2074288550093595,-0.414857710018719,0.0135,Inconclusive
RJ,SVM,Gpt-4O,accuracy@5,False,15,0.38412698412698415,-0.17417250396477885,-0.41347736918375155,0.06518858433345966,0.91825,-0.17417250396477885,-0.3483450079295577,0.014375,Inconclusive
RJ,SVM,Gpt-4O,true_class_confidence,False,15,0.06193932606663909,-0.029832218042729754,-0.3104007915582604,0.2463291970679938,0.57275,-0.029832218042729754,-0.05966443608545951,0.028875,Inconclusive
RJ,SVM,Gpt-4O,entropy,True,15,3.674928939014071,-0.21831553454335595,-0.45974335561008883,0.05523174033768645,0.058,-0.9589111260380407,-1.9178222520760815,0.0085,Inconclusive
RJ,SVM,Gpt-4O,bertscore,True,15,0.7895092328389486,0.0042530338216673555,-0.21737528154609834,0.22915779486371046,0.51225,0.0042530338216673555,0.008506067643334711,0.032625,Inconclusive
RJ,SVM,Gpt-4O,pinc,True,15,0.7194514456710184,-0.003174067789477446,-0.23133086512512516,0.22611105759282207,0.49075,-0.003174067789477446,-0.006348135578954892,0.033625,Inconclusive
RJ,ROBERTA,Gemma-2,accuracy@1,False,15,0.03174649841269841,0.03704016159422746,-0.338924097926269,0.40892657543606703,0.42725,0.03704016159422746,0.07408032318845492,0.0205,Inconclusive
RJ,ROBERTA,Gemma-2,accuracy@5,False,15,0.22539682539682543,-0.027921629059732292,-0.270017868956041,0.2091396517773495,0.584625,-0.027921629059732292,-0.055843258119464584,0.0345,Inconclusive
RJ,ROBERTA,Gemma-2,true_class_confidence,False,15,0.03689569666360815,0.02964896198447644,-0.2952380462033994,0.35353530420896334,0.430875,0.02964896198447644,0.05929792396895288,0.026,Inconclusive
RJ,ROBERTA,Gemma-2,entropy,True,15,1.079976503054301,-0.07152744541695295,-0.30276315286589367,0.14991480078573682,0.278,-0.3141712447117393,-0.6283424894234786,0.02375,Inconclusive
RJ,ROBERTA,Gemma-2,bertscore,True,14,0.5414860461439405,-0.002413333169225456,-0.21288055591950605,0.21556330201654963,0.48725,-0.002413333169225456,-0.004826666338450912,0.03675,Inconclusive
RJ,ROBERTA,Gemma-2,pinc,True,15,0.9109200245077799,-0.00859273572088354,-0.28845082181089693,0.2568571379630552,0.46925,-0.00859273572088354,-0.01718547144176708,0.028875,Inconclusive
RJ,ROBERTA,Llama-3.1,accuracy@1,False,15,0.028571961904761897,0.005838772388743736,-0.3790189585375836,0.38943214928680475,0.493625,0.005838772388743736,0.011677544777487472,0.020375,Inconclusive
RJ,ROBERTA,Llama-3.1,accuracy@5,False,15,0.16190476190476188,0.07907980167180892,-0.171676134630588,0.3259421971701807,0.270125,0.07907980167180892,0.15815960334361784,0.026,Inconclusive
RJ,ROBERTA,Llama-3.1,true_class_confidence,False,15,0.02945978002001842,-0.03732262714079545,-0.3559238059819557,0.29858469162234225,0.5915,-0.03732262714079545,-0.0746452542815909,0.02125,Inconclusive
RJ,ROBERTA,Llama-3.1,entropy,True,15,1.5224901596705118,0.055852784864224375,-0.1462420185398626,0.2682801206359787,0.701125,0.24532316006984659,0.49064632013969317,0.032625,Inconclusive
RJ,ROBERTA,Llama-3.1,bertscore,True,15,0.5480610728263855,0.00011552225256212622,-0.19914370127983927,0.19878617996632153,0.504,0.00011552225256212622,0.00023104450512425245,0.0365,Inconclusive
RJ,ROBERTA,Llama-3.1,pinc,True,15,0.9159354818649973,0.010701680227876409,-0.2511629962938644,0.2685987918248805,0.527875,0.010701680227876409,0.021403360455752817,0.029125,Inconclusive
RJ,ROBERTA,Ministral,accuracy@1,False,15,0.0380956380952381,-0.07704078798571569,-0.4676454303813543,0.2942298140731047,0.656625,-0.07704078798571569,-0.15408157597143138,0.019875,Inconclusive
RJ,ROBERTA,Ministral,accuracy@5,False,15,0.14285714285714288,-0.05960484946304841,-0.3186191489411478,0.19654575293297027,0.6685,-0.05960484946304841,-0.11920969892609681,0.0295,Inconclusive
RJ,ROBERTA,Ministral,true_class_confidence,False,15,0.03268793324629466,-0.023905581196459805,-0.3413685160886385,0.3034422331590083,0.5535,-0.023905581196459805,-0.04781116239291961,0.0195,Inconclusive
RJ,ROBERTA,Ministral,entropy,True,15,1.7030070940653483,-0.04474203649890161,-0.2433044257118795,0.17272903034931342,0.3415,-0.19652122644472877,-0.39304245288945755,0.034375,Inconclusive
RJ,ROBERTA,Ministral,bertscore,True,15,0.5463387767473856,0.004925587280704872,-0.1929522287635817,0.2073966314541227,0.511875,0.004925587280704872,0.009851174561409744,0.038625,Inconclusive
RJ,ROBERTA,Ministral,pinc,True,15,0.9044748575090817,-0.002190480140178872,-0.2661819441484765,0.2644243648399588,0.489375,-0.002190480140178872,-0.004380960280357744,0.0315,Inconclusive
RJ,ROBERTA,Claude-3.5,accuracy@1,False,15,0.07619047619047618,-0.036059356497539316,-0.31049530811223763,0.24775448950167273,0.588875,-0.036059356497539316,-0.07211871299507863,0.026375,Inconclusive
RJ,ROBERTA,Claude-3.5,accuracy@5,False,15,0.2222222222222222,0.09491728579221809,-0.13716468855648264,0.32074471206910193,0.215,0.09491728579221809,0.18983457158443617,0.023875,Inconclusive
RJ,ROBERTA,Claude-3.5,true_class_confidence,False,15,0.07324996665120125,0.03876345306037859,-0.237902499678383,0.31650712647930723,0.3945,0.03876345306037859,0.07752690612075717,0.0285,Inconclusive
RJ,ROBERTA,Claude-3.5,entropy,True,15,1.231649633248647,0.22536010125111205,0.006215149888352797,0.46355807313353004,0.964375,0.9898530991244451,1.9797061982488902,0.0055,Significant Improvement with Longer Exemplars
RJ,ROBERTA,Claude-3.5,bertscore,True,15,0.647423263390859,0.05025653140397922,-0.1552839986108232,0.257991152155998,0.68075,0.05025653140397922,0.10051306280795844,0.028125,Inconclusive
RJ,ROBERTA,Claude-3.5,pinc,True,15,0.8334737173993098,0.0022497772503564306,-0.245740427024496,0.22819439578333298,0.501625,0.0022497772503564306,0.004499554500712861,0.032,Inconclusive
RJ,ROBERTA,Gpt-4O,accuracy@1,False,15,0.13968253968253966,-0.0663652512737195,-0.3097623330141395,0.1797430991647182,0.695,-0.0663652512737195,-0.132730502547439,0.02975,Inconclusive
RJ,ROBERTA,Gpt-4O,accuracy@5,False,15,0.2793650793650793,0.02839006262200389,-0.1893769684273475,0.254073352982395,0.403625,0.02839006262200389,0.05678012524400778,0.03425,Inconclusive
RJ,ROBERTA,Gpt-4O,true_class_confidence,False,15,0.12615070392688116,-0.07474648958565466,-0.3347505391749256,0.16220808161492284,0.71925,-0.07474648958565466,-0.14949297917130933,0.025375,Inconclusive
RJ,ROBERTA,Gpt-4O,entropy,True,15,1.7368354082107544,-0.007031778261745857,-0.210002329368134,0.21553641371717,0.48025,-0.030885802172183275,-0.06177160434436655,0.036125,Inconclusive
RJ,ROBERTA,Gpt-4O,bertscore,True,15,0.7895092328389486,0.0042530338216673555,-0.21737528154609834,0.22915779486371046,0.51225,0.0042530338216673555,0.008506067643334711,0.032625,Inconclusive
RJ,ROBERTA,Gpt-4O,pinc,True,15,0.7194514456710184,-0.003174067789477446,-0.23133086512512516,0.22611105759282207,0.49075,-0.003174067789477446,-0.006348135578954892,0.033625,Inconclusive
